Ticker,Name,Price,Expense Ratio,Category,Morning Star Rating,Net Assets,Holdings Turnover,Inception Date,Fund Family,Cash,Stocks,Bonds,Others,Preferred,Convertable,Basic Materials,Consumer Cyclical,Financial Services,Realestate,Consumer Defensive,Healthcare,Utilities,Communication Services,Energy,Industrials,Technology,Number Years Up,Number Years Down,YTD,1-Month,3-Month,1-Year,3-Year,5-Year,10-Year,Inception,Minimum Initial Investment,Minimum Subsequent Investment,Mutual Fund,ETF,Capture Date
AMTYX,AB All Market Real Return Portfolio Advisor Class,8.71,1.07,World Allocation,1,1.05B,88.00,2010-03-07,AllianceBernstein,20.84,75.19,3.96,0.02,0.00,0.00,12.83,3.77,3.03,51.70,2.30,2.93,1.08,1.98,12.35,3.14,4.88,5,5,0.39,5.06,13.44,0.39,0.57,5.57,-0.81,NULL,0,0,True,False,2021-02-01
AMTOX,AB All Market Real Return Portfolio Class 1,8.57,1.11,World Allocation,1,1.05B,88.00,2010-03-07,AllianceBernstein,20.84,75.19,3.96,0.02,0.00,0.00,12.83,3.77,3.03,51.70,2.30,2.93,1.08,1.98,12.35,3.14,4.88,5,5,0.33,5.07,13.45,0.33,0.54,5.51,-0.94,NULL,5000,0,True,False,2021-02-01
AMTTX,AB All Market Real Return Portfolio Class 2,8.76,0.83,World Allocation,1,1.05B,88.00,2010-03-07,AllianceBernstein,20.84,75.19,3.96,0.02,0.00,0.00,12.83,3.77,3.03,51.70,2.30,2.93,1.08,1.98,12.35,3.14,4.88,5,5,0.57,4.96,13.39,0.57,0.79,5.76,-0.70,NULL,5000000,0,True,False,2021-02-02
AMTAX,AB All Market Real Return Portfolio Class A,8.75,1.32,World Allocation,1,1.05B,88.00,2010-03-07,AllianceBernstein,20.84,75.19,3.96,0.02,0.00,0.00,12.83,3.77,3.03,51.70,2.30,2.93,1.08,1.98,12.35,3.14,4.88,5,5,0.15,5.04,13.25,0.15,0.32,5.30,-1.07,NULL,2500,50,True,False,2021-02-02
ACMTX,AB All Market Real Return Portfolio Class C,8.82,2.07,World Allocation,1,1.05B,88.00,2010-03-07,AllianceBernstein,20.84,75.19,3.96,0.02,0.00,0.00,12.83,3.77,3.03,51.70,2.30,2.93,1.08,1.98,12.35,3.14,4.88,4,6,-0.57,4.98,13.05,-0.57,-0.43,4.52,-1.80,NULL,2500,50,True,False,2021-02-02
AMTIX,AB All Market Real Return Portfolio Class I,8.62,0.87,World Allocation,1,1.05B,88.00,2010-03-07,AllianceBernstein,20.84,75.19,3.96,0.02,0.00,0.00,12.83,3.77,3.03,51.70,2.30,2.93,1.08,1.98,12.35,3.14,4.88,5,5,0.69,5.16,13.47,0.69,0.79,5.76,-0.70,NULL,2000000,0,True,False,2021-02-02
AMTKX,AB All Market Real Return Portfolio Class K,8.64,1.29,World Allocation,1,1.05B,88.00,2010-03-07,AllianceBernstein,20.84,75.19,3.96,0.02,0.00,0.00,12.83,3.77,3.03,51.70,2.30,2.93,1.08,1.98,12.35,3.14,4.88,5,5,0.09,5.04,13.37,0.09,0.35,5.30,-1.05,NULL,0,0,True,False,2021-02-02
AMTRX,AB All Market Real Return Portfolio Class R,8.77,1.57,World Allocation,1,1.05B,88.00,2010-03-07,AllianceBernstein,20.84,75.19,3.96,0.02,0.00,0.00,12.83,3.77,3.03,51.70,2.30,2.93,1.08,1.98,12.35,3.14,4.88,4,6,-0.09,5.10,13.31,-0.09,0.08,5.03,-1.30,NULL,0,0,True,False,2021-02-02
ABNYX,AB Bond Inflation Strategy Advisor Class,11.93,0.97,Inflation-Protected Bond,3,592.28M,48.00,2010-01-25,AllianceBernstein,42.65,0.02,52.35,0.00,0.06,0.58,0.00,0.00,100.00,0.00,0.00,0.00,0.00,0.00,0.00,0.00,0.00,7,3,9.29,1.39,2.63,9.29,5.41,5.13,3.41,NULL,0,0,True,False,2021-02-02
ABNOX,AB Bond Inflation Strategy Class 1,11.70,1.07,Inflation-Protected Bond,3,592.28M,48.00,2010-01-25,AllianceBernstein,42.65,0.02,52.35,0.00,0.06,0.58,0.00,0.00,100.00,0.00,0.00,0.00,0.00,0.00,0.00,0.00,0.00,7,3,9.14,1.43,2.59,9.14,5.29,5.03,3.33,NULL,5000,0,True,False,2021-02-02
ABNTX,AB Bond Inflation Strategy Class 2,11.69,0.96,Inflation-Protected Bond,3,592.28M,48.00,2010-01-25,AllianceBernstein,42.65,0.02,52.35,0.00,0.06,0.58,0.00,0.00,100.00,0.00,0.00,0.00,0.00,0.00,0.00,0.00,0.00,7,3,9.35,1.53,2.71,9.35,5.43,5.14,3.43,NULL,5000000,0,True,False,2021-02-02
ABNAX,AB Bond Inflation Strategy Class A,11.92,1.25,Inflation-Protected Bond,3,592.28M,48.00,2010-01-25,AllianceBernstein,42.65,0.02,52.35,0.00,0.06,0.58,0.00,0.00,100.00,0.00,0.00,0.00,0.00,0.00,0.00,0.00,0.00,7,3,9.01,1.44,2.55,9.01,5.13,4.87,3.14,NULL,2500,50,True,False,2021-02-02
ABNCX,AB Bond Inflation Strategy Class C,11.59,1.99,Inflation-Protected Bond,2,592.28M,48.00,2010-01-25,AllianceBernstein,42.65,0.02,52.35,0.00,0.06,0.58,0.00,0.00,100.00,0.00,0.00,0.00,0.00,0.00,0.00,0.00,0.00,7,3,8.23,1.36,2.39,8.23,4.36,4.10,2.39,NULL,2500,50,True,False,2021-02-02
ANBIX,AB Bond Inflation Strategy Class I,11.79,0.95,Inflation-Protected Bond,3,592.28M,48.00,2010-01-25,AllianceBernstein,42.65,0.02,52.35,0.00,0.06,0.58,0.00,0.00,100.00,0.00,0.00,0.00,0.00,0.00,0.00,0.00,0.00,7,3,9.35,1.50,2.74,9.35,5.41,5.15,3.44,NULL,2000000,0,True,False,2021-02-02
ABNKX,AB Bond Inflation Strategy Class K,11.89,1.28,Inflation-Protected Bond,3,592.28M,48.00,2010-01-25,AllianceBernstein,42.65,0.02,52.35,0.00,0.06,0.58,0.00,0.00,100.00,0.00,0.00,0.00,0.00,0.00,0.00,0.00,0.00,7,3,9.01,1.43,2.61,9.01,5.15,4.88,3.16,NULL,0,0,True,False,2021-02-02
ABNRX,AB Bond Inflation Strategy Class R,11.92,1.47,Inflation-Protected Bond,3,592.28M,48.00,2010-01-25,AllianceBernstein,42.65,0.02,52.35,0.00,0.06,0.58,0.00,0.00,100.00,0.00,0.00,0.00,0.00,0.00,0.00,0.00,0.00,7,3,8.78,1.46,2.51,8.78,4.90,4.65,2.93,NULL,0,0,True,False,2021-02-02
AUNYX,AB Municipal Bond Inflation Strategy Advisor Class,10.73,0.50,Muni National Short,5,1.04B,29.00,2010-01-25,AllianceBernstein,2.17,0.00,97.83,0.00,0.00,0.00,0.00,0.00,0.00,0.00,0.00,0.00,0.00,0.00,0.00,0.00,0.00,8,2,4.57,1.58,3.32,4.57,3.52,3.14,2.70,NULL,0,0,True,False,2021-02-02
AUNOX,AB Municipal Bond Inflation Strategy Class 1,10.66,0.60,Muni National Short,5,1.04B,29.00,2010-01-25,AllianceBernstein,2.17,0.00,97.83,0.00,0.00,0.00,0.00,0.00,0.00,0.00,0.00,0.00,0.00,0.00,0.00,0.00,0.00,8,2,4.53,1.58,3.31,4.53,3.40,3.03,2.60,NULL,5000,0,True,False,2021-02-02
AUNTX,AB Municipal Bond Inflation Strategy Class 2,10.67,0.50,Muni National Short,5,1.04B,29.00,2010-01-25,AllianceBernstein,2.17,0.00,97.83,0.00,0.00,0.00,0.00,0.00,0.00,0.00,0.00,0.00,0.00,0.00,0.00,0.00,0.00,8,2,4.53,1.59,3.24,4.53,3.47,3.11,2.70,NULL,0,0,True,False,2021-02-02
AUNAX,AB Municipal Bond Inflation Strategy Class A,10.72,0.75,Muni National Short,4,1.04B,29.00,2010-01-25,AllianceBernstein,2.17,0.00,97.83,0.00,0.00,0.00,0.00,0.00,0.00,0.00,0.00,0.00,0.00,0.00,0.00,0.00,0.00,8,2,4.32,1.56,3.16,4.32,3.22,2.87,2.42,NULL,2500,50,True,False,2021-02-02
AUNCX,AB Municipal Bond Inflation Strategy Class C,10.71,1.50,Muni National Short,3,1.04B,29.00,2010-01-25,AllianceBernstein,2.17,0.00,97.83,0.00,0.00,0.00,0.00,0.00,0.00,0.00,0.00,0.00,0.00,0.00,0.00,0.00,0.00,8,2,3.52,1.49,2.97,3.52,2.45,2.10,1.67,NULL,2500,50,True,False,2021-02-02
ABQIX,AB Total Return Bond Portfolio Class I,11.52,0.52,Intermediate Core-Plus Bond,3,381.05M,83.00,2005-02-28,AllianceBernstein,12.80,0.10,76.80,0.00,0.22,1.23,0.00,0.00,0.00,0.00,0.00,0.00,0.00,0.00,0.00,0.00,0.00,12,3,6.80,0.63,2.00,6.80,5.11,4.75,4.19,NULL,2000000,0,True,False,2021-02-02
ABQKX,AB Total Return Bond Portfolio Class K,11.51,0.77,Intermediate Core-Plus Bond,2,381.05M,83.00,2005-02-28,AllianceBernstein,12.80,0.10,76.80,0.00,0.22,1.23,0.00,0.00,0.00,0.00,0.00,0.00,0.00,0.00,0.00,0.00,0.00,11,4,6.46,0.61,1.94,6.46,4.85,4.47,3.93,NULL,0,0,True,False,2021-02-02
ABQRX,AB Total Return Bond Portfolio Class R,11.49,1.02,Intermediate Core-Plus Bond,2,381.05M,83.00,2003-11-02,AllianceBernstein,12.80,0.10,76.80,0.00,0.22,1.23,0.00,0.00,0.00,0.00,0.00,0.00,0.00,0.00,0.00,0.00,0.00,13,4,6.28,0.58,1.87,6.28,4.59,4.21,3.67,NULL,0,0,True,False,2021-02-02
QUAIX,AB Small Cap Growth Portfolio Class I,90.24,0.91,Small Growth,5,4.41B,75.00,2005-02-28,AllianceBernstein,1.20,98.77,0.00,0.03,0.00,0.00,0.49,12.42,7.03,1.22,5.62,29.50,0.02,0.03,0.00,16.75,26.93,11,4,53.97,8.26,26.67,53.97,27.68,24.57,17.81,NULL,2000000,0,True,False,2021-02-02
QUAKX,AB Small Cap Growth Portfolio Class K,82.98,1.10,Small Growth,5,4.41B,75.00,2005-02-28,AllianceBernstein,1.20,98.77,0.00,0.03,0.00,0.00,0.49,12.42,7.03,1.22,5.62,29.50,0.02,0.03,0.00,16.75,26.93,11,4,53.69,8.24,26.58,53.69,27.45,24.29,17.50,NULL,0,0,True,False,2021-02-02
QUARX,AB Small Cap Growth Portfolio Class R,75.63,1.55,Small Growth,5,4.41B,75.00,2005-02-28,AllianceBernstein,1.20,98.77,0.00,0.03,0.00,0.00,0.49,12.42,7.03,1.22,5.62,29.50,0.02,0.03,0.00,16.75,26.93,11,4,53.00,8.21,26.47,53.00,26.87,23.78,17.06,NULL,0,0,True,False,2021-02-02
ADGYX,AB Core Opportunities Fund Advisor Class,22.93,0.86,Large Growth,2,207.28M,81.00,2010-03-30,AllianceBernstein,8.50,91.50,0.00,0.00,0.00,0.00,0.00,12.90,9.83,2.19,4.48,18.51,0.00,17.91,0.48,11.08,22.62,9,1,13.29,3.33,12.81,13.29,11.97,13.30,13.77,NULL,0,0,True,False,2021-02-02
ADGIX,AB Core Opportunities Fund Class I,23.28,0.85,Large Growth,2,207.28M,81.00,2005-02-28,AllianceBernstein,8.50,91.50,0.00,0.00,0.00,0.00,0.00,12.90,9.83,2.19,4.48,18.51,0.00,17.91,0.48,11.08,22.62,13,2,13.38,3.36,12.85,13.38,12.00,13.33,13.81,NULL,2000000,0,True,False,2021-02-02
ADGKX,AB Core Opportunities Fund Class K,22.37,1.15,Large Growth,2,207.28M,81.00,2005-02-28,AllianceBernstein,8.50,91.50,0.00,0.00,0.00,0.00,0.00,12.90,9.83,2.19,4.48,18.51,0.00,17.91,0.48,11.08,22.62,13,2,12.97,3.32,12.75,12.97,11.65,12.98,13.48,NULL,0,0,True,False,2021-02-02
ADGRX,AB Core Opportunities Fund Class R,21.13,1.40,Large Growth,2,207.28M,81.00,2003-11-02,AllianceBernstein,8.50,91.50,0.00,0.00,0.00,0.00,0.00,12.90,9.83,2.19,4.48,18.51,0.00,17.91,0.48,11.08,22.62,15,2,12.68,3.31,12.62,12.68,11.36,12.69,13.19,NULL,0,0,True,False,2021-02-02
ACISX,AB Corporate Income Shares,12.18,0.00,Corporate Bond,4,197.79M,87.00,2006-12-10,AllianceBernstein,4.78,0.00,90.61,0.00,0.10,3.26,0.00,0.00,0.00,0.00,0.00,0.00,0.00,0.00,0.00,0.00,0.00,10,4,11.24,0.73,3.77,11.24,7.96,7.19,6.01,NULL,0,0,True,False,2021-02-02
MISHX,AB Municipal Income Shares,12.64,0.01,Muni National Long,5,5.77B,12.00,2010-08-31,AllianceBernstein,0.46,0.00,99.54,0.00,0.00,0.00,0.00,0.00,0.00,0.00,0.00,0.00,0.00,0.00,0.00,0.00,0.00,9,1,6.23,2.29,5.34,6.23,6.04,5.87,7.24,NULL,0,0,True,False,2021-02-02
CSHTX,AB Taxable Multi-Sector Income Shares,10.05,0.01,Short-Term Bond,3,285.92M,124.00,2010-09-14,AllianceBernstein,19.54,0.00,77.21,0.00,0.00,2.48,0.00,0.00,0.00,0.00,0.00,0.00,0.00,0.00,0.00,0.00,0.00,9,1,2.84,0.20,0.52,2.84,3.28,2.72,1.88,NULL,0,0,True,False,2021-02-02
CHCIX,AB Discovery Growth Fund Class I,15.89,0.75,Mid-Cap Growth,4,3.47B,80.00,2005-02-28,AllianceBernstein,1.39,98.56,0.00,0.05,0.00,0.00,1.14,12.82,6.10,0.48,5.08,24.88,0.02,0.04,0.00,14.19,35.25,12,3,52.83,6.00,22.28,52.83,24.11,21.70,16.32,NULL,2000000,0,True,False,2021-02-02
CHCKX,AB Discovery Growth Fund Class K,14.33,1.09,Mid-Cap Growth,4,3.47B,80.00,2005-02-28,AllianceBernstein,1.39,98.56,0.00,0.05,0.00,0.00,1.14,12.82,6.10,0.48,5.08,24.88,0.02,0.04,0.00,14.19,35.25,12,3,52.21,5.89,22.12,52.21,23.69,21.25,15.89,NULL,0,0,True,False,2021-02-02
CHCRX,AB Discovery Growth Fund Class R,13.18,1.38,Mid-Cap Growth,4,3.47B,80.00,2005-02-28,AllianceBernstein,1.39,98.56,0.00,0.05,0.00,0.00,1.14,12.82,6.10,0.48,5.08,24.88,0.02,0.04,0.00,14.19,35.25,12,3,51.85,5.90,22.01,51.85,23.32,20.91,15.56,NULL,0,0,True,False,2021-02-02
AUIIX,AB Equity Income Fund Class I,28.32,0.77,Large Value,4,489.02M,43.00,2005-02-28,AllianceBernstein,0.26,99.74,0.00,0.00,0.00,0.00,2.84,7.85,14.18,1.89,11.40,14.07,4.19,7.39,2.48,11.71,21.99,12,3,4.42,4.06,12.01,4.42,6.76,9.79,9.90,NULL,2000000,0,True,False,2021-02-02
AUIKX,AB Equity Income Fund Class K,28.41,1.10,Large Value,3,489.02M,43.00,2005-02-28,AllianceBernstein,0.26,99.74,0.00,0.00,0.00,0.00,2.84,7.85,14.18,1.89,11.40,14.07,4.19,7.39,2.48,11.71,21.99,12,3,4.09,4.07,11.91,4.09,6.42,9.43,9.54,NULL,0,0,True,False,2021-02-02
AUIRX,AB Equity Income Fund Class R,28.22,1.41,Large Value,3,489.02M,43.00,2005-02-28,AllianceBernstein,0.26,99.74,0.00,0.00,0.00,0.00,2.84,7.85,14.18,1.89,11.40,14.07,4.19,7.39,2.48,11.71,21.99,12,3,3.74,4.00,11.80,3.74,6.08,9.08,9.21,NULL,0,0,True,False,2021-02-02
ANAYX,AB Global Bond Fund Advisor Class,8.64,0.56,World Bond-USD Hedged,3,7.07B,135.00,2007-11-04,AllianceBernstein,50.51,0.07,29.86,0.00,0.06,1.33,0.00,0.00,97.00,0.00,0.00,0.00,0.00,0.00,0.09,2.91,0.00,11,2,5.10,0.74,1.99,5.10,4.28,4.34,3.96,NULL,0,0,True,False,2021-02-02
ANAIX,AB Global Bond Fund Class I,8.64,0.55,World Bond-USD Hedged,3,7.07B,135.00,2007-11-04,AllianceBernstein,50.51,0.07,29.86,0.00,0.06,1.33,0.00,0.00,97.00,0.00,0.00,0.00,0.00,0.00,0.09,2.91,0.00,11,2,5.05,0.74,1.97,5.05,4.27,4.34,3.97,NULL,2000000,0,True,False,2021-02-02
ANAKX,AB Global Bond Fund Class K,8.65,0.93,World Bond-USD Hedged,3,7.07B,135.00,2007-11-04,AllianceBernstein,50.51,0.07,29.86,0.00,0.06,1.33,0.00,0.00,97.00,0.00,0.00,0.00,0.00,0.00,0.09,2.91,0.00,10,3,4.65,0.70,1.87,4.65,3.87,3.96,3.61,NULL,0,0,True,False,2021-02-02
ANARX,AB Global Bond Fund Class R,8.64,1.24,World Bond-USD Hedged,3,7.07B,135.00,2007-11-04,AllianceBernstein,50.51,0.07,29.86,0.00,0.06,1.33,0.00,0.00,97.00,0.00,0.00,0.00,0.00,0.00,0.09,2.91,0.00,9,4,4.33,0.67,1.79,4.33,3.56,3.63,3.28,NULL,0,0,True,False,2021-02-02
AEEIX,AB Global Real Estate Investment Fund Class I,14.45,1.06,Global Real Estate,4,115.82M,56.00,2005-02-28,AllianceBernstein,1.15,98.85,0.00,0.00,0.00,0.00,0.82,1.87,0.00,96.04,0.00,0.00,0.00,0.00,0.00,0.92,0.35,10,5,-5.10,4.30,13.28,-5.10,3.61,5.50,6.59,NULL,2000000,0,True,False,2021-02-02
ARRKX,AB Global Real Estate Investment Fund Class K,14.37,1.39,Global Real Estate,3,115.82M,56.00,2005-02-28,AllianceBernstein,1.15,98.85,0.00,0.00,0.00,0.00,0.82,1.87,0.00,96.04,0.00,0.00,0.00,0.00,0.00,0.92,0.35,9,6,-5.49,4.24,13.09,-5.49,3.22,5.11,6.21,NULL,0,0,True,False,2021-02-02
ARRRX,AB Global Real Estate Investment Fund Class R,14.28,1.70,Global Real Estate,3,115.82M,56.00,2005-02-28,AllianceBernstein,1.15,98.85,0.00,0.00,0.00,0.00,0.82,1.87,0.00,96.04,0.00,0.00,0.00,0.00,0.00,0.92,0.35,9,6,-5.79,4.19,13.01,-5.79,2.90,4.79,5.89,NULL,0,0,True,False,2021-02-02
CABIX,AB Global Risk Allocation Fund Class I,18.59,1.07,Tactical Allocation,4,216.69M,3.00,2005-02-28,AllianceBernstein,8.81,33.65,57.50,0.03,0.00,0.00,6.48,8.70,16.03,4.49,9.50,11.19,7.24,5.39,5.19,11.69,14.11,12,3,10.89,4.15,9.55,10.89,5.68,7.35,6.38,NULL,2000000,0,True,False,2021-02-02
CBSKX,AB Global Risk Allocation Fund Class K,18.42,1.40,Tactical Allocation,3,216.69M,3.00,2005-02-28,AllianceBernstein,8.81,33.65,57.50,0.03,0.00,0.00,6.48,8.70,16.03,4.49,9.50,11.19,7.24,5.39,5.19,11.69,14.11,11,4,10.59,4.15,9.49,10.59,5.35,6.96,5.96,NULL,0,0,True,False,2021-02-02
CBSRX,AB Global Risk Allocation Fund Class R,18.41,1.71,Tactical Allocation,3,216.69M,3.00,2003-11-02,AllianceBernstein,8.81,33.65,57.50,0.03,0.00,0.00,6.48,8.70,16.03,4.49,9.50,11.19,7.24,5.39,5.19,11.69,14.11,13,4,10.24,4.09,9.40,10.24,5.03,6.64,5.64,NULL,0,0,True,False,2021-02-02
AGDYX,AB High Income Fund Advisor Class,8.04,0.62,High Yield Bond,2,5.44B,54.00,2008-01-27,AllianceBernstein,14.33,1.02,73.66,0.21,1.00,2.94,8.42,0.00,28.99,0.00,0.00,0.00,0.00,5.54,34.92,8.86,13.26,10,2,3.18,2.59,8.24,3.18,3.55,6.76,6.05,NULL,0,0,True,False,2021-02-02
AGDIX,AB High Income Fund Class I,8.04,0.60,High Yield Bond,2,5.44B,54.00,2008-01-27,AllianceBernstein,14.33,1.02,73.66,0.21,1.00,2.94,8.42,0.00,28.99,0.00,0.00,0.00,0.00,5.54,34.92,8.86,13.26,10,2,2.99,2.59,8.22,2.99,3.51,6.77,6.09,NULL,2000000,0,True,False,2021-02-02
AGDKX,AB High Income Fund Class K,8.03,0.94,High Yield Bond,2,5.44B,54.00,2008-01-27,AllianceBernstein,14.33,1.02,73.66,0.21,1.00,2.94,8.42,0.00,28.99,0.00,0.00,0.00,0.00,5.54,34.92,8.86,13.26,10,2,2.62,2.55,8.12,2.62,3.20,6.41,5.73,NULL,0,0,True,False,2021-02-02
AGDRX,AB High Income Fund Class R,8.03,1.28,High Yield Bond,2,5.44B,54.00,2008-01-27,AllianceBernstein,14.33,1.02,73.66,0.21,1.00,2.94,8.42,0.00,28.99,0.00,0.00,0.00,0.00,5.54,34.92,8.86,13.26,10,2,2.41,2.53,8.04,2.41,2.85,6.05,5.38,NULL,0,0,True,False,2021-02-02
ALLIX,AB Large Cap Growth Fund Class I,81.71,0.63,Large Growth,5,15.66B,32.00,2005-02-28,AllianceBernstein,6.90,93.10,0.00,0.00,0.00,0.00,1.90,13.85,8.13,0.00,5.63,24.50,0.00,16.72,0.00,4.44,24.82,12,3,34.35,3.84,11.08,34.35,22.56,20.11,17.73,NULL,2000000,0,True,False,2021-02-02
ALCKX,AB Large Cap Growth Fund Class K,75.48,0.96,Large Growth,4,15.66B,32.00,2005-02-28,AllianceBernstein,6.90,93.10,0.00,0.00,0.00,0.00,1.90,13.85,8.13,0.00,5.63,24.50,0.00,16.72,0.00,4.44,24.82,12,3,33.88,3.80,10.98,33.88,22.15,19.70,17.32,NULL,0,0,True,False,2021-02-02
ABPRX,AB Large Cap Growth Fund Class R,69.91,1.26,Large Growth,4,15.66B,32.00,2003-11-02,AllianceBernstein,6.90,93.10,0.00,0.00,0.00,0.00,1.90,13.85,8.13,0.00,5.63,24.50,0.00,16.72,0.00,4.44,24.82,14,3,33.50,3.78,10.90,33.50,21.78,19.34,16.97,NULL,0,0,True,False,2021-02-02
ALCVX,AB Municipal Income Fund California Portfolio Advisor Class,11.58,0.50,Muni California Intermediate,5,995.37M,16.00,2008-08-05,AllianceBernstein,3.56,0.00,96.44,0.00,0.00,0.00,0.00,0.00,0.00,0.00,0.00,0.00,0.00,0.00,0.00,0.00,0.00,10,2,5.12,0.95,2.80,5.12,4.20,3.62,4.78,NULL,0,0,True,False,2021-02-02
ABTYX,AB High Income Municipal Portfolio Advisor Class,12.18,0.60,High Yield Muni,4,3.33B,22.00,2010-01-25,AllianceBernstein,2.45,0.00,97.55,0.00,0.00,0.00,0.00,0.00,0.00,0.00,0.00,0.00,0.00,0.00,0.00,0.00,0.00,9,1,5.10,2.10,4.97,5.10,5.60,5.39,7.03,NULL,0,0,True,False,2021-02-02
ABTHX,AB High Income Municipal Portfolio Class A,12.19,0.85,High Yield Muni,4,3.33B,22.00,2010-01-25,AllianceBernstein,2.45,0.00,97.55,0.00,0.00,0.00,0.00,0.00,0.00,0.00,0.00,0.00,0.00,0.00,0.00,0.00,0.00,8,2,4.92,2.08,4.90,4.92,5.36,5.12,6.74,NULL,2500,50,True,False,2021-02-02
ABTFX,AB High Income Municipal Portfolio Class C,12.18,1.62,High Yield Muni,3,3.33B,22.00,2010-01-25,AllianceBernstein,2.45,0.00,97.55,0.00,0.00,0.00,0.00,0.00,0.00,0.00,0.00,0.00,0.00,0.00,0.00,0.00,0.00,8,2,4.05,2.01,4.71,4.05,4.55,4.34,5.97,NULL,2500,50,True,False,2021-02-02
ALTVX,AB Municipal Income Fund National Portfolio Advisor Class,10.78,0.50,Muni National Interm,5,1.74B,28.00,2008-08-05,AllianceBernstein,2.88,0.00,97.12,0.00,0.00,0.00,0.00,0.00,0.00,0.00,0.00,0.00,0.00,0.00,0.00,0.00,0.00,11,1,5.02,1.07,2.66,5.02,4.22,3.83,4.76,NULL,0,0,True,False,2021-02-02
ALNVX,AB Municipal Income Fund New York Portfolio Advisor Class,10.31,0.50,Muni New York Intermediate,5,625.57M,23.00,2008-08-05,AllianceBernstein,2.97,0.00,97.03,0.00,0.00,0.00,0.00,0.00,0.00,0.00,0.00,0.00,0.00,0.00,0.00,0.00,0.00,11,1,3.66,1.31,3.09,3.66,3.75,3.43,4.07,NULL,0,0,True,False,2021-02-02
ABWYX,AB All Market Total Return Portfolio Advisor Class,16.42,0.80,World Allocation,3,661.34M,76.00,2003-09-01,AllianceBernstein,22.92,62.24,14.17,0.00,0.02,0.66,1.09,11.66,17.26,1.56,5.44,14.66,2.44,11.94,1.64,11.62,20.69,13,4,5.10,3.48,9.41,5.10,5.14,6.57,5.81,NULL,0,0,True,False,2021-02-02
ABWAX,AB All Market Total Return Portfolio Class A,16.27,1.05,World Allocation,3,661.34M,76.00,2003-09-01,AllianceBernstein,22.92,62.24,14.17,0.00,0.02,0.66,1.09,11.66,17.26,1.56,5.44,14.66,2.44,11.94,1.64,11.62,20.69,13,4,4.83,3.46,9.31,4.83,4.88,6.30,5.52,NULL,2500,50,True,False,2021-02-02
ABWCX,AB All Market Total Return Portfolio Class C,16.13,1.81,World Allocation,2,661.34M,76.00,2003-09-01,AllianceBernstein,22.92,62.24,14.17,0.00,0.02,0.66,1.09,11.66,17.26,1.56,5.44,14.66,2.44,11.94,1.64,11.62,20.69,13,4,4.02,3.36,9.10,4.02,4.07,5.49,4.75,NULL,2500,50,True,False,2021-02-02
ABWIX,AB All Market Total Return Portfolio Class I,16.60,0.82,World Allocation,3,661.34M,76.00,2005-02-28,AllianceBernstein,22.92,62.24,14.17,0.00,0.02,0.66,1.09,11.66,17.26,1.56,5.44,14.66,2.44,11.94,1.64,11.62,20.69,11,4,5.03,3.43,9.36,5.03,5.12,6.54,5.78,NULL,0,0,True,False,2021-02-02
ABWKX,AB All Market Total Return Portfolio Class K,16.21,1.15,World Allocation,3,661.34M,76.00,2005-02-28,AllianceBernstein,22.92,62.24,14.17,0.00,0.02,0.66,1.09,11.66,17.26,1.56,5.44,14.66,2.44,11.94,1.64,11.62,20.69,11,4,4.69,3.45,9.26,4.69,4.76,6.20,5.43,NULL,0,0,True,False,2021-02-02
ABWRX,AB All Market Total Return Portfolio Class R,16.14,1.46,World Allocation,3,661.34M,76.00,2004-02-16,AllianceBernstein,22.92,62.24,14.17,0.00,0.02,0.66,1.09,11.66,17.26,1.56,5.44,14.66,2.44,11.94,1.64,11.62,20.69,12,4,4.42,3.44,9.21,4.42,4.44,5.87,5.11,NULL,0,0,True,False,2021-02-02
ABPYX,AB Conservative Wealth Strategy Advisor Class,12.80,1.06,Allocation--30% to 50% Equity,2,156.03M,96.00,2003-09-01,AllianceBernstein,11.09,54.47,33.52,0.02,0.06,0.85,2.14,10.90,15.92,6.13,5.15,13.46,2.29,10.91,2.58,11.17,19.36,14,3,4.62,2.59,7.52,4.62,4.39,5.11,4.29,NULL,0,0,True,False,2021-02-02
ABPAX,AB Conservative Wealth Strategy Class A,12.75,1.31,Allocation--30% to 50% Equity,2,156.03M,96.00,2003-09-01,AllianceBernstein,11.09,54.47,33.52,0.02,0.06,0.85,2.14,10.90,15.92,6.13,5.15,13.46,2.29,10.91,2.58,11.17,19.36,13,4,4.39,2.59,7.46,4.39,4.12,4.85,4.01,NULL,2500,50,True,False,2021-02-02
ABPCX,AB Conservative Wealth Strategy Class C,12.76,2.06,Allocation--30% to 50% Equity,1,156.03M,96.00,2003-09-01,AllianceBernstein,11.09,54.47,33.52,0.02,0.06,0.85,2.14,10.90,15.92,6.13,5.15,13.46,2.29,10.91,2.58,11.17,19.36,13,4,3.62,2.56,7.29,3.62,3.34,4.05,3.25,NULL,2500,50,True,False,2021-02-02
APWIX,AB Conservative Wealth Strategy Class I,12.94,1.08,Allocation--30% to 50% Equity,2,156.03M,96.00,2005-02-28,AllianceBernstein,11.09,54.47,33.52,0.02,0.06,0.85,2.14,10.90,15.92,6.13,5.15,13.46,2.29,10.91,2.58,11.17,19.36,12,3,4.65,2.64,7.60,4.65,4.39,5.09,4.26,NULL,0,0,True,False,2021-02-02
APWKX,AB Conservative Wealth Strategy Class K,12.77,1.40,Allocation--30% to 50% Equity,2,156.03M,96.00,2005-02-28,AllianceBernstein,11.09,54.47,33.52,0.02,0.06,0.85,2.14,10.90,15.92,6.13,5.15,13.46,2.29,10.91,2.58,11.17,19.36,11,4,4.31,2.60,7.48,4.31,4.02,4.74,3.93,NULL,0,0,True,False,2021-02-02
APPRX,AB Conservative Wealth Strategy Class R,12.77,1.70,Allocation--30% to 50% Equity,1,156.03M,96.00,2004-02-16,AllianceBernstein,11.09,54.47,33.52,0.02,0.06,0.85,2.14,10.90,15.92,6.13,5.15,13.46,2.29,10.91,2.58,11.17,19.36,12,4,4.02,2.56,7.43,4.02,3.72,4.42,3.60,NULL,0,0,True,False,2021-02-02
AGFIX,AB Growth Fund Class I,114.33,0.82,Large Growth,4,1.5B,38.00,2005-02-28,AllianceBernstein,2.84,97.16,0.00,0.00,0.00,0.00,1.10,14.63,8.27,0.00,5.99,22.52,0.00,16.95,0.00,4.70,25.83,13,2,36.39,4.22,13.74,36.39,23.15,20.64,17.23,NULL,2000000,0,True,False,2021-02-02
AGFKX,AB Growth Fund Class K,105.20,1.25,Large Growth,4,1.5B,38.00,2005-02-28,AllianceBernstein,2.84,97.16,0.00,0.00,0.00,0.00,1.10,14.63,8.27,0.00,5.99,22.52,0.00,16.95,0.00,4.70,25.83,13,2,35.83,4.18,13.60,35.83,22.63,20.15,16.80,NULL,0,0,True,False,2021-02-02
AGFRX,AB Growth Fund Class R,97.55,1.55,Large Growth,4,1.5B,38.00,2005-02-28,AllianceBernstein,2.84,97.16,0.00,0.00,0.00,0.00,1.10,14.63,8.27,0.00,5.99,22.52,0.00,16.95,0.00,4.70,25.83,13,2,35.42,4.16,13.54,35.42,22.26,19.77,16.43,NULL,0,0,True,False,2021-02-02
AGIYX,AB Tax-Managed All Market Income Portfolio Advisor Class,12.41,0.75,Allocation--30% to 50% Equity,2,90.11M,35.00,2003-09-01,AllianceBernstein,6.84,28.33,58.07,0.05,6.71,0.00,4.54,3.27,11.15,8.90,18.42,19.67,6.82,6.51,1.79,11.50,7.42,13,4,-0.94,2.49,6.79,-0.94,3.77,4.89,4.70,NULL,0,0,True,False,2021-02-02
ATWAX,AB Tax-Managed Wealth Appreciation Strategy Class A,18.61,1.02,World Large Stock,3,751.75M,21.00,2003-09-01,AllianceBernstein,0.99,98.99,0.00,0.00,0.00,0.02,2.77,12.78,13.35,3.36,7.14,12.46,3.12,11.53,1.49,10.82,21.17,13,4,12.36,4.75,13.32,12.36,8.23,10.30,8.38,NULL,2500,50,True,False,2021-02-02
ATWCX,AB Tax-Managed Wealth Appreciation Strategy Class C,18.45,1.77,World Large Stock,3,751.75M,21.00,2003-09-01,AllianceBernstein,0.99,98.99,0.00,0.00,0.00,0.02,2.77,12.78,13.35,3.36,7.14,12.46,3.12,11.53,1.49,10.82,21.17,13,4,11.48,4.64,13.07,11.48,7.40,9.46,7.59,NULL,2500,50,True,False,2021-02-02
AWAYX,AB Wealth Appreciation Strategy Advisor Class,18.99,0.79,World Large Stock,3,1.32B,18.00,2003-09-01,AllianceBernstein,0.58,99.40,0.00,0.00,0.00,0.02,2.77,12.48,13.66,3.52,7.04,12.08,3.03,11.73,1.78,11.29,20.61,13,4,13.04,4.76,13.57,13.04,8.65,10.61,8.18,NULL,0,0,True,False,2021-02-02
AWAAX,AB Wealth Appreciation Strategy Class A,19.05,1.04,World Large Stock,3,1.32B,18.00,2003-09-01,AllianceBernstein,0.58,99.40,0.00,0.00,0.00,0.02,2.77,12.48,13.66,3.52,7.04,12.08,3.03,11.73,1.78,11.29,20.61,13,4,12.79,4.73,13.46,12.79,8.38,10.33,7.89,NULL,2500,50,True,False,2021-02-02
AWACX,AB Wealth Appreciation Strategy Class C,19.19,1.79,World Large Stock,3,1.32B,18.00,2003-09-01,AllianceBernstein,0.58,99.40,0.00,0.00,0.00,0.02,2.77,12.48,13.66,3.52,7.04,12.08,3.03,11.73,1.78,11.29,20.61,13,4,11.92,4.64,13.23,11.92,7.57,9.51,7.10,NULL,2500,50,True,False,2021-02-02
AWAKX,AB Wealth Appreciation Strategy Class K,18.93,1.18,World Large Stock,3,1.32B,18.00,2005-02-28,AllianceBernstein,0.58,99.40,0.00,0.00,0.00,0.02,2.77,12.48,13.66,3.52,7.04,12.08,3.03,11.73,1.78,11.29,20.61,11,4,12.63,4.76,13.49,12.63,8.24,10.19,7.77,NULL,0,0,True,False,2021-02-02
AWARX,AB Wealth Appreciation Strategy Class R,18.98,1.49,World Large Stock,3,1.32B,18.00,2004-02-16,AllianceBernstein,0.58,99.40,0.00,0.00,0.00,0.02,2.77,12.48,13.66,3.52,7.04,12.08,3.03,11.73,1.78,11.29,20.61,12,4,12.28,4.69,13.40,12.28,7.90,9.84,7.44,NULL,0,0,True,False,2021-02-02
CBBIX,AB Relative Value Fund Class I,5.88,0.65,Large Value,4,1.66B,55.00,2005-02-28,AllianceBernstein,7.22,92.78,0.00,0.00,0.00,0.00,1.09,9.32,19.31,2.68,8.56,13.62,0.00,8.31,2.92,19.97,14.23,13,2,3.02,3.92,18.00,3.02,6.31,9.75,11.55,NULL,2000000,0,True,False,2021-02-02
CBBKX,AB Relative Value Fund Class K,5.68,0.90,Large Value,4,1.66B,55.00,2005-02-28,AllianceBernstein,7.22,92.78,0.00,0.00,0.00,0.00,1.09,9.32,19.31,2.68,8.56,13.62,0.00,8.31,2.92,19.97,14.23,13,2,2.82,3.95,18.12,2.82,6.03,9.50,11.22,NULL,0,0,True,False,2021-02-02
CBBRX,AB Relative Value Fund Class R,5.66,1.15,Large Value,4,1.66B,55.00,2003-11-02,AllianceBernstein,7.22,92.78,0.00,0.00,0.00,0.00,1.09,9.32,19.31,2.68,8.56,13.62,0.00,8.31,2.92,19.97,14.23,15,2,2.54,3.85,17.86,2.54,5.76,9.18,10.92,NULL,0,0,True,False,2021-02-02
AGTIX,AB Sustainable Global Thematic Fund Class I,175.53,0.93,World Large Stock,4,1.79B,37.00,2005-02-28,AllianceBernstein,5.41,94.59,0.00,0.00,0.00,0.00,4.15,5.52,12.22,0.00,3.40,25.41,3.14,1.75,0.00,21.99,22.41,12,3,39.75,5.00,13.76,39.75,17.96,18.47,10.51,NULL,2000000,0,True,False,2021-02-02
ATEKX,AB Sustainable Global Thematic Fund Class K,166.84,1.27,World Large Stock,4,1.79B,37.00,2005-02-28,AllianceBernstein,5.41,94.59,0.00,0.00,0.00,0.00,4.15,5.52,12.22,0.00,3.40,25.41,3.14,1.75,0.00,21.99,22.41,12,3,39.27,4.96,13.65,39.27,17.55,18.04,10.11,NULL,0,0,True,False,2021-02-02
ATERX,AB Sustainable Global Thematic Fund Class R,159.65,1.58,World Large Stock,4,1.79B,37.00,2003-11-02,AllianceBernstein,5.41,94.59,0.00,0.00,0.00,0.00,4.15,5.52,12.22,0.00,3.40,25.41,3.14,1.75,0.00,21.99,22.41,14,3,38.84,4.94,13.57,38.84,17.18,17.68,9.77,NULL,0,0,True,False,2021-02-02
AWPIX,AB Sustainable International Thematic Fund Class I,23.38,1.05,Foreign Large Growth,3,606.06M,37.00,2005-02-28,AllianceBernstein,5.74,94.26,0.00,0.00,0.00,0.00,4.20,8.72,14.73,0.00,8.73,17.82,1.99,3.89,2.82,19.68,17.41,9,6,29.82,5.53,14.13,29.82,11.07,11.51,6.40,NULL,2000000,0,True,False,2021-02-02
AWPKX,AB Sustainable International Thematic Fund Class K,22.63,1.38,Foreign Large Growth,2,606.06M,37.00,2005-02-28,AllianceBernstein,5.74,94.26,0.00,0.00,0.00,0.00,4.20,8.72,14.73,0.00,8.73,17.82,1.99,3.89,2.82,19.68,17.41,9,6,29.44,5.52,14.08,29.44,10.71,11.13,5.99,NULL,0,0,True,False,2021-02-02
AWPRX,AB Sustainable International Thematic Fund Class R,22.13,1.69,Foreign Large Growth,2,606.06M,37.00,2005-02-28,AllianceBernstein,5.74,94.26,0.00,0.00,0.00,0.00,4.20,8.72,14.73,0.00,8.73,17.82,1.99,3.89,2.82,19.68,17.41,9,6,29.00,5.44,13.96,29.00,10.35,10.78,5.67,NULL,0,0,True,False,2021-02-02
ABSIX,AB Discovery Value Fund Class I,20.91,0.88,Mid-Cap Value,2,2.77B,36.00,2005-02-28,AllianceBernstein,0.70,99.30,0.00,0.00,0.00,0.00,5.25,20.05,22.71,8.45,4.24,2.73,2.45,0.80,2.79,22.58,7.95,11,4,3.35,6.54,29.14,3.35,1.78,8.25,8.64,NULL,2000000,0,True,False,2021-02-02
ABSKX,AB Discovery Value Fund Class K,20.75,1.22,Mid-Cap Value,2,2.77B,36.00,2005-02-28,AllianceBernstein,0.70,99.30,0.00,0.00,0.00,0.00,5.25,20.05,22.71,8.45,4.24,2.73,2.45,0.80,2.79,22.58,7.95,11,4,2.99,6.46,29.00,2.99,1.43,7.87,8.28,NULL,0,0,True,False,2021-02-02
ABSRX,AB Discovery Value Fund Class R,20.37,1.53,Mid-Cap Value,2,2.77B,36.00,2003-11-02,AllianceBernstein,0.70,99.30,0.00,0.00,0.00,0.00,5.25,20.05,22.71,8.45,4.24,2.73,2.45,0.80,2.79,22.58,7.95,13,4,2.67,6.43,28.85,2.67,1.12,7.54,7.95,NULL,0,0,True,False,2021-02-02
AIVIX,AB International Value Fund Class I,13.31,1.11,Foreign Large Value,1,139.98M,47.00,2005-02-28,AllianceBernstein,1.04,98.96,0.00,0.00,0.00,0.00,8.23,13.54,17.51,3.07,9.79,9.67,4.16,5.81,2.72,11.06,14.43,10,5,2.24,6.30,20.49,2.24,-2.65,2.88,2.33,NULL,2000000,0,True,False,2021-02-02
AIVKX,AB International Value Fund Class K,13.33,1.52,Foreign Large Value,1,139.98M,47.00,2005-02-28,AllianceBernstein,1.04,98.96,0.00,0.00,0.00,0.00,8.23,13.54,17.51,3.07,9.79,9.67,4.16,5.81,2.72,11.06,14.43,10,5,1.96,6.35,20.47,1.96,-2.99,2.49,1.94,NULL,0,0,True,False,2021-02-02
AIVRX,AB International Value Fund Class R,13.29,1.83,Foreign Large Value,1,139.98M,47.00,2003-11-02,AllianceBernstein,1.04,98.96,0.00,0.00,0.00,0.00,8.23,13.54,17.51,3.07,9.79,9.67,4.16,5.81,2.72,11.06,14.43,12,5,1.70,6.27,20.37,1.70,-3.26,2.18,1.62,NULL,0,0,True,False,2021-02-02
ABVIX,AB Value Fund Class I,15.25,0.70,Large Value,1,380.34M,45.00,2005-02-28,AllianceBernstein,1.47,98.53,0.00,0.00,0.00,0.00,4.03,9.16,17.95,3.64,7.77,12.97,5.45,9.23,4.22,14.45,11.11,10,5,1.18,4.33,17.37,1.18,1.18,5.57,7.50,NULL,2000000,0,True,False,2021-02-02
ABVKX,AB Value Fund Class K,15.10,1.13,Large Value,1,380.34M,45.00,2005-02-28,AllianceBernstein,1.47,98.53,0.00,0.00,0.00,0.00,4.03,9.16,17.95,3.64,7.77,12.97,5.45,9.23,4.22,14.45,11.11,10,5,0.76,4.36,17.23,0.76,0.75,5.11,7.04,NULL,0,0,True,False,2021-02-02
ABVRX,AB Value Fund Class R,15.32,1.44,Large Value,1,380.34M,45.00,2003-11-02,AllianceBernstein,1.47,98.53,0.00,0.00,0.00,0.00,4.03,9.16,17.95,3.64,7.77,12.97,5.45,9.23,4.22,14.45,11.11,12,5,0.49,4.32,17.14,0.49,0.43,4.79,6.71,NULL,0,0,True,False,2021-02-02
AAPIX,Aberdeen Asia Pacific (ex-Japan) Equity Fund Institutional Class,20.00,1.25,Pacific/Asia ex-Japan Stk,4,7.29M,29.67,2009-11-15,Aberdeen,1.27,98.73,0.00,0.00,0.00,0.00,7.39,11.28,18.90,5.17,6.68,10.28,0.00,10.49,0.00,3.31,26.49,7,4,30.28,8.87,23.33,30.28,12.27,16.01,6.95,NULL,1000000,0,True,False,2021-02-02
AAPEX,Aberdeen Asia Pacific (ex-Japan) Equity Fund Institutional Service Class,19.88,1.35,Pacific/Asia ex-Japan Stk,4,7.29M,29.67,2009-11-15,Aberdeen,1.27,98.73,0.00,0.00,0.00,0.00,7.39,11.28,18.90,5.17,6.68,10.28,0.00,10.49,0.00,3.31,26.49,7,4,30.27,8.90,23.28,30.27,12.17,15.94,6.90,NULL,1000000,0,True,False,2021-02-02
GOPAX,Aberdeen China A Share Equity Fund Class A,41.52,1.34,China Region,5,39.66M,56.48,2004-06-28,Aberdeen,7.97,92.03,0.00,0.00,0.00,0.00,3.24,15.05,17.88,3.17,20.34,12.72,0.06,0.08,0.04,8.89,18.54,10,6,56.43,13.40,24.28,56.43,21.76,19.53,7.83,NULL,1000,50,True,False,2021-02-02
GOPCX,Aberdeen China A Share Equity Fund Class C,39.32,2.01,China Region,5,39.66M,56.48,2004-06-28,Aberdeen,7.97,92.03,0.00,0.00,0.00,0.00,3.24,15.05,17.88,3.17,20.34,12.72,0.06,0.08,0.04,8.89,18.54,9,7,55.41,13.32,24.07,55.41,20.92,18.72,7.08,NULL,1000,50,True,False,2021-02-02
GOPIX,Aberdeen China A Share Equity Fund Institutional Class,41.95,1.01,China Region,5,39.66M,56.48,2004-06-28,Aberdeen,7.97,92.03,0.00,0.00,0.00,0.00,3.24,15.05,17.88,3.17,20.34,12.72,0.06,0.08,0.04,8.89,18.54,10,6,56.97,13.42,24.37,56.97,22.15,19.92,8.15,NULL,1000000,0,True,False,2021-02-02
GOPRX,Aberdeen China A Share Equity Fund Class R,40.47,1.67,China Region,5,39.66M,56.48,2004-06-28,Aberdeen,7.97,92.03,0.00,0.00,0.00,0.00,3.24,15.05,17.88,3.17,20.34,12.72,0.06,0.08,0.04,8.89,18.54,10,6,56.00,13.36,24.23,56.00,21.37,19.14,7.46,NULL,0,0,True,False,2021-02-02
GOPSX,Aberdeen China A Share Equity Fund Institutional Service Class,41.77,1.11,China Region,5,39.66M,56.48,2004-06-28,Aberdeen,7.97,92.03,0.00,0.00,0.00,0.00,3.24,15.05,17.88,3.17,20.34,12.72,0.06,0.08,0.04,8.89,18.54,10,6,56.82,13.42,24.34,56.82,22.04,19.79,8.09,NULL,1000000,0,True,False,2021-02-02
ADVDX,Aberdeen Dynamic Dividend Fund Institutional Class,4.4900,1.26,World Large Stock,3,120.85M,85.01,2003-09-21,Aberdeen,1.43,98.57,0.00,0.00,0.00,0.00,5.37,7.86,14.53,3.98,8.79,13.28,4.56,6.89,3.59,11.30,19.86,13,4,10.26,5.30,15.22,10.26,7.73,10.62,6.85,NULL,1000000,0,True,False,2021-02-02
ABEMX,Aberdeen Emerging Markets Fund Institutional Class,21.73,1.10,Diversified Emerging Mkts,4,4.93B,14.86,2007-05-10,Aberdeen,1.64,98.36,0.00,0.00,0.00,0.00,6.82,12.82,19.19,2.66,7.13,2.36,0.98,12.36,3.38,4.36,27.94,7,6,27.91,9.65,25.95,27.91,9.55,13.90,5.30,NULL,1000000,0,True,False,2021-02-02
AEMSX,Aberdeen Emerging Markets Fund Institutional Service Class,21.67,1.24,Diversified Emerging Mkts,4,4.93B,14.86,2009-11-22,Aberdeen,1.64,98.36,0.00,0.00,0.00,0.00,6.82,12.82,19.19,2.66,7.13,2.36,0.98,12.36,3.38,4.36,27.94,6,5,27.74,9.65,25.93,27.74,9.42,13.73,5.09,NULL,1000000,0,True,False,2021-02-02
GLSRX,Aberdeen U.S. Sustainable Leaders Smaller Companies Fund Class R,7.70,1.43,Large Growth,1,15.5M,54.04,2004-02-26,Aberdeen,0.00,100.00,0.00,0.00,0.00,0.00,0.00,9.44,11.41,7.32,2.96,15.02,3.03,4.16,0.00,18.04,28.63,12,4,26.56,8.59,16.17,26.56,17.62,13.24,7.24,NULL,0,0,True,False,2021-02-02
GGUIX,Aberdeen U.S. Sustainable Leaders Smaller Companies Fund Institutional Class,9.80,0.90,Large Growth,1,15.5M,54.04,2004-06-28,Aberdeen,0.00,100.00,0.00,0.00,0.00,0.00,0.00,9.44,11.41,7.32,2.96,15.02,3.03,4.16,0.00,18.04,28.63,12,4,27.06,8.46,16.25,27.06,18.35,13.97,7.95,NULL,1000000,0,True,False,2021-02-02
AELSX,Aberdeen U.S. Sustainable Leaders Smaller Companies Fund Institutional Service Class,9.39,1.04,Large Growth,1,15.5M,54.04,2009-11-02,Aberdeen,0.00,100.00,0.00,0.00,0.00,0.00,0.00,9.44,11.41,7.32,2.96,15.02,3.03,4.16,0.00,18.04,28.63,8,3,26.83,8.36,16.20,26.83,18.15,13.77,7.74,NULL,1000000,0,True,False,2021-02-02
CGBCX,Aberdeen Global Absolute Return Strategies Fund Class C,10.47,1.65,Multialternative,3,22.73M,238.35,2005-04-28,Aberdeen,67.55,14.36,18.10,0.00,0.00,0.00,8.67,12.69,2.16,4.19,2.83,2.38,18.94,2.69,0.00,27.16,18.29,10,5,5.48,1.41,3.41,5.48,3.89,4.40,1.63,NULL,1000,50,True,False,2021-02-02
AGCIX,Aberdeen Global Absolute Return Strategies Fund Institutional Class,10.81,0.65,Multialternative,4,22.73M,238.35,2009-07-19,Aberdeen,67.55,14.36,18.10,0.00,0.00,0.00,8.67,12.69,2.16,4.19,2.83,2.38,18.94,2.69,0.00,27.16,18.29,8,3,6.56,1.40,3.72,6.56,4.89,5.42,2.64,NULL,1000000,0,True,False,2021-02-02
GWLRX,Aberdeen Global Equity Fund Class R,15.04,1.94,World Large Stock,3,29.13M,29.04,2003-09-30,Aberdeen,1.19,98.81,0.00,0.00,0.00,0.00,5.70,12.59,19.10,0.00,15.79,14.96,0.00,6.57,0.00,6.82,18.48,12,5,15.22,5.61,14.77,15.22,7.57,10.49,6.02,NULL,0,0,True,False,2021-02-02
GWLIX,Aberdeen Global Equity Fund Institutional Class,15.90,1.19,World Large Stock,3,29.13M,29.04,2004-06-28,Aberdeen,1.19,98.81,0.00,0.00,0.00,0.00,5.70,12.59,19.10,0.00,15.79,14.96,0.00,6.57,0.00,6.82,18.48,7,4,15.99,5.65,14.88,15.99,8.38,11.24,6.69,NULL,1000000,0,True,False,2021-02-02
AIFRX,Aberdeen Global Infrastructure Fund Institutional Class,22.09,1.00,Infrastructure,4,47.03M,23.76,2008-11-02,Aberdeen,0.57,99.43,0.00,0.00,0.00,0.00,2.49,1.41,0.00,5.93,0.00,0.00,27.30,18.31,7.64,36.92,0.00,9,3,1.81,3.71,15.28,1.81,5.83,10.33,8.25,NULL,1000000,0,True,False,2021-02-02
GTICX,Aberdeen Intermediate Municipal Income Fund Class C,9.93,1.50,Muni National Interm,1,65.34M,55.63,2003-09-03,Aberdeen,2.88,0.00,97.12,0.00,0.00,0.00,0.00,0.00,0.00,0.00,0.00,0.00,0.00,0.00,0.00,0.00,0.00,13,4,1.77,0.62,1.98,1.77,2.30,1.61,2.62,NULL,1000,50,True,False,2021-02-02
GIRRX,Aberdeen Emerging Markets Sustainable Leaders Fund Class R,19.59,1.74,Foreign Large Growth,2,215.57M,28.30,2003-12-29,Aberdeen,1.33,98.67,0.00,0.00,0.00,0.00,4.09,11.73,20.05,3.93,4.57,5.22,2.03,10.65,0.00,6.38,31.37,12,5,22.31,8.84,17.82,22.31,8.12,10.91,4.88,NULL,0,0,True,False,2021-02-02
GIGIX,Aberdeen Emerging Markets Sustainable Leaders Fund Institutional Class,21.10,1.10,Foreign Large Growth,3,215.57M,28.30,2004-06-28,Aberdeen,1.33,98.67,0.00,0.00,0.00,0.00,4.09,11.73,20.05,3.93,4.57,5.22,2.03,10.65,0.00,6.38,31.37,11,5,23.02,8.86,18.00,23.02,8.80,11.63,5.52,NULL,1000000,0,True,False,2021-02-02
ABNIX,Aberdeen International Small Cap Fund Institutional Class,36.90,1.00,Foreign Small/Mid Growth,4,170.62M,29.65,2009-07-19,Aberdeen,3.54,94.77,0.00,1.69,0.00,0.00,2.19,10.85,5.53,2.42,9.40,22.98,0.00,1.33,0.00,25.44,19.86,8,3,26.51,7.79,17.62,26.51,12.52,14.68,10.00,NULL,1000000,0,True,False,2021-02-02
ATOAX,Aberdeen Ultra Short Municipal Income Fund Class A,10.10,0.70,Muni National Short,1,1.12B,299.40,2004-03-29,Aberdeen,7.47,0.00,92.53,0.00,0.00,0.00,0.00,0.00,0.00,0.00,0.00,0.00,0.00,0.00,0.00,0.00,0.00,16,-1,0.65,0.10,0.11,0.65,1.05,0.83,0.72,NULL,1000,50,True,False,2021-02-02
ATOIX,Aberdeen Ultra Short Municipal Income Fund Institutional Class,10.04,0.45,Muni National Short,2,1.12B,299.40,2002-12-04,Aberdeen,7.47,0.00,92.53,0.00,0.00,0.00,0.00,0.00,0.00,0.00,0.00,0.00,0.00,0.00,0.00,0.00,0.00,18,-1,0.91,0.02,0.18,0.91,1.28,1.07,0.95,NULL,1000000,0,True,False,2021-02-02
GGLIX,Aberdeen U.S. Sustainable Leaders Fund Institutional Class,15.60,0.90,Large Growth,3,443.63M,47.13,2004-06-28,Aberdeen,0.56,99.44,0.00,0.00,0.00,0.00,2.88,6.97,17.31,6.95,1.97,8.14,6.05,3.34,0.00,17.95,28.45,11,5,25.92,4.08,12.32,25.92,17.30,16.75,12.58,NULL,1000000,0,True,False,2021-02-02
GNSRX,Aberdeen U.S. Small Cap Equity Fund Class R,35.45,1.74,Small Growth,3,862.34M,60.67,2003-12-29,Aberdeen,3.25,96.75,0.00,0.00,0.00,0.00,6.95,7.07,14.34,2.94,9.08,13.96,1.42,1.54,0.00,25.05,17.64,13,4,26.54,8.13,22.56,26.54,10.72,13.06,12.37,NULL,0,0,True,False,2021-02-02
GSCIX,Aberdeen U.S. Small Cap Equity Fund Institutional Class,43.03,0.99,Small Growth,3,862.34M,60.67,2004-06-28,Aberdeen,3.25,96.75,0.00,0.00,0.00,0.00,6.95,7.07,14.34,2.94,9.08,13.96,1.42,1.54,0.00,25.05,17.64,12,4,27.42,8.19,22.76,27.42,11.46,13.78,13.03,NULL,1000000,0,True,False,2021-02-02
JETAX,Aberdeen Global Equity Impact Fund Class A,16.33,2.03,World Large Stock,2,72.82M,32.00,2005-05-03,Aberdeen,4.27,95.73,0.00,0.00,0.00,0.00,3.78,1.42,11.06,11.46,2.23,15.76,5.81,6.54,0.00,26.52,15.41,10,5,29.67,6.96,18.06,29.67,11.44,13.66,4.56,NULL,1000,50,True,False,2021-02-02
JETIX,Aberdeen Global Equity Impact Fund Institutional Class,16.33,1.78,World Large Stock,3,72.82M,32.00,2005-05-03,Aberdeen,4.27,95.73,0.00,0.00,0.00,0.00,3.78,1.42,11.06,11.46,2.23,15.76,5.81,6.54,0.00,26.52,15.41,10,5,30.05,6.98,18.14,30.05,11.69,13.98,4.84,NULL,1000000,0,True,False,2021-02-02
BJBHX,Aberdeen Global High Income Fund Class A,8.89,1.02,High Yield Bond,2,161.82M,98.00,2002-12-16,Aberdeen,2.95,0.00,90.96,0.00,0.00,6.08,0.00,0.00,0.00,0.00,0.00,0.00,0.00,3.45,96.55,0.00,0.00,14,4,5.32,1.68,6.79,5.32,4.91,6.56,4.70,NULL,1000,50,True,False,2021-02-02
JHYIX,Aberdeen Global High Income Fund Class I,8.21,0.77,High Yield Bond,3,161.82M,98.00,2003-01-29,Aberdeen,2.95,0.00,90.96,0.00,0.00,6.08,0.00,0.00,0.00,0.00,0.00,0.00,0.00,3.45,96.55,0.00,0.00,14,3,5.61,1.76,6.95,5.61,5.20,6.84,4.97,NULL,1000000,0,True,False,2021-02-02
AFBIX,Access Flex Bear High Yield Fund Investor Class,31.14,1.78,Trading--Inverse Debt,4,431.4k,650.00,2005-04-26,ProFunds,100.00,0.00,0.00,0.00,0.00,0.00,0.00,0.00,0.00,0.00,0.00,0.00,0.00,0.00,0.00,0.00,0.00,1,14,-6.63,-1.05,-6.38,-6.63,-6.69,-7.68,-9.55,NULL,15000,0,True,False,2021-02-02
AFBSX,Access Flex Bear High Yield Fund Service Class,26.88,2.78,Trading--Inverse Debt,4,431.4k,650.00,2005-04-26,ProFunds,100.00,0.00,0.00,0.00,0.00,0.00,0.00,0.00,0.00,0.00,0.00,0.00,0.00,0.00,0.00,0.00,0.00,-1,15,-7.50,-1.11,-6.60,-7.50,-7.63,-8.49,-10.42,NULL,15000,0,True,False,2021-02-02
FYAIX,Access Flex High Yield Fund Investor Class,33.17,1.78,High Yield Bond,2,21.79M,1534.00,2004-12-16,ProFunds,22.74,0.00,71.97,0.00,0.00,5.29,0.00,0.00,0.00,0.00,0.00,0.00,0.00,0.00,0.00,0.00,0.00,13,3,0.05,0.60,4.86,0.05,3.70,5.03,5.03,NULL,15000,0,True,False,2021-02-02
FYASX,Access Flex High Yield Fund Service Class,32.76,2.78,High Yield Bond,1,21.79M,1534.00,2004-12-16,ProFunds,22.74,0.00,71.97,0.00,0.00,5.29,0.00,0.00,0.00,0.00,0.00,0.00,0.00,0.00,0.00,0.00,0.00,12,4,-0.90,0.55,4.62,-0.90,2.68,4.02,4.00,NULL,15000,0,True,False,2021-02-02
ADKSX,Adirondack Small Cap Fund,19.47,1.36,Small Value,2,52.24M,32.96,2005-04-05,Adirondack Funds,1.97,96.40,0.00,0.00,1.63,0.00,0.00,6.93,22.32,2.24,1.78,5.23,2.93,3.24,5.34,15.79,34.20,11,4,5.29,9.54,35.46,5.29,-2.08,4.34,6.25,NULL,3000,50,True,False,2021-02-02
JOHIX,JOHCM International Select Fund Class I Shares,30.60,0.99,Foreign Large Growth,4,11.72B,43.51,2009-07-28,JOHCM Funds,1.80,98.20,0.00,0.00,0.00,0.00,6.22,10.55,13.03,0.00,8.07,17.79,2.46,4.26,0.00,15.18,22.44,8,3,29.71,3.82,13.17,29.71,12.30,12.86,9.61,NULL,0,0,True,False,2021-02-02
JOHAX,JOHCM International Select Fund Class II Shares,30.64,1.24,Foreign Large Growth,4,11.72B,43.51,2010-03-30,JOHCM Funds,1.80,98.20,0.00,0.00,0.00,0.00,6.22,10.55,13.03,0.00,8.07,17.79,2.46,4.26,0.00,15.18,22.44,7,3,29.33,3.80,13.07,29.33,12.02,12.56,9.34,NULL,0,0,True,False,2021-02-02
CLFLX,AdvisorOne CLS Flexible Income Fund Class N,10.71,1.22,Intermediate Core-Plus Bond,1,191.64M,15.00,2009-09-30,AdvisorOne Funds,8.18,6.82,80.75,0.31,0.38,2.42,4.65,12.39,13.97,1.99,5.78,18.53,2.61,10.33,3.90,7.82,18.03,8,3,3.70,0.87,2.47,3.70,3.87,4.08,3.14,NULL,2500,250,True,False,2021-02-02
CLACX,AdvisorOne CLS Global Aggressive Equity Fund Class N,18.82,1.73,World Large Stock,3,171.17M,63.00,2009-09-30,AdvisorOne Funds,0.52,99.47,0.00,0.00,0.01,0.00,4.78,12.67,17.90,1.27,6.62,14.13,4.63,6.18,2.74,9.22,19.86,8,3,23.50,6.43,20.61,23.50,9.74,12.93,9.73,NULL,2500,250,True,False,2021-02-02
CLSHX,AdvisorOne CLS Shelter Fund Class N,11.50,1.47,Tactical Allocation,3,181.7M,257.00,2009-12-29,AdvisorOne Funds,43.83,56.17,0.00,0.00,0.00,0.00,3.78,6.69,12.85,3.62,15.26,15.32,7.51,10.23,0.70,10.42,13.63,6,5,-8.92,3.20,5.18,-8.92,0.07,5.88,4.59,NULL,2500,250,True,False,2021-02-02
SFHYX,Hundredfold Select Alternative Fund Service Class,25.95,2.90,Tactical Allocation,5,166.76M,505.00,2004-08-31,Advisors Preferred,43.43,0.06,10.88,45.44,0.00,0.00,0.00,0.00,0.00,100.00,0.00,0.00,0.00,0.00,0.00,0.00,0.00,12,4,37.42,4.32,13.21,37.42,13.44,11.63,7.96,NULL,5000,1000,True,False,2021-02-02
CHAIX,Chase Growth Fund Class Institutional,14.52,1.15,Large Growth,2,74.34M,145.44,2007-01-28,Chase,2.80,97.20,0.00,0.00,0.00,0.00,9.28,4.88,13.66,1.81,4.10,10.60,0.00,8.35,0.00,10.87,36.45,10,3,18.38,3.71,10.48,18.38,12.71,12.90,12.53,NULL,500000,500,True,False,2021-02-02
DFMAX,Davidson Multi-Cap Equity Fund Class A,28.49,1.15,Large Blend,3,121.42M,22.69,2008-08-10,Davidson Mutual Funds,1.32,98.68,0.00,0.00,0.00,0.00,3.58,12.61,9.04,5.64,5.46,14.29,3.25,9.07,2.24,10.43,24.38,9,3,22.04,4.98,17.27,22.04,13.81,13.45,12.24,NULL,2500,0,True,False,2021-02-02
HULIX,Huber Capital Equity Income Fund Investor Class,19.69,1.39,Large Value,3,29.75M,19.50,2007-06-28,Huber Funds,0.91,99.09,0.00,0.00,0.00,0.00,0.00,7.35,19.96,0.00,3.19,18.02,5.42,0.00,2.30,19.47,24.29,9,4,3.47,4.77,13.70,3.47,6.16,9.49,9.40,NULL,5000,100,True,False,2021-02-02
HUSIX,Huber Capital Small Cap Value Fund Investor Class,19.64,1.75,Small Value,2,28.86M,71.53,2007-06-28,Huber Funds,0.78,99.22,0.00,0.00,0.00,0.00,2.98,7.71,29.14,4.74,0.00,7.61,3.54,0.00,13.80,16.24,14.23,7,6,-5.33,8.10,38.99,-5.33,1.02,5.72,5.71,NULL,5000,100,True,False,2021-02-02
PBBBX,PIA BBB Bond Fund,10.19,0.19,Corporate Bond,3,293.73M,20.00,2003-09-24,PIA Mutual Funds,0.65,0.00,98.28,0.00,0.00,1.07,0.00,0.00,0.00,0.00,0.00,0.00,0.00,0.00,0.00,0.00,0.00,13,4,9.36,0.66,3.50,9.36,7.30,7.29,5.82,NULL,1000,50,True,False,2021-02-02
PHYSX,PIA High Yield Fund Institutional Class,9.92,0.87,High Yield Bond,4,57.7M,63.00,2010-12-30,PIA Mutual Funds,4.19,0.00,92.63,0.00,0.00,3.18,0.00,0.00,0.00,0.00,0.00,0.00,0.00,0.00,0.00,0.00,0.00,8,2,8.02,2.28,7.29,8.02,5.27,7.61,6.42,NULL,1000,50,True,False,2021-02-02
PMTGX,PIA MBS Bond Fund,9.73,0.23,Intermediate Government,3,75.98M,20.00,2006-02-27,PIA Mutual Funds,13.25,0.00,86.75,0.00,0.00,0.00,0.00,0.00,0.00,0.00,0.00,0.00,0.00,0.00,0.00,0.00,0.00,13,1,3.85,0.37,0.61,3.85,3.51,2.91,2.84,NULL,1000,50,True,False,2021-02-02
PFPFX,Poplar Forest Partners Fund Class A,44.60,1.25,Large Value,1,250.66M,40.35,2009-12-30,Poplar Forest Capital,2.89,97.11,0.00,0.00,0.00,0.00,6.27,8.45,24.30,2.18,13.40,17.62,0.00,10.05,6.32,4.76,6.66,7,4,-1.51,4.67,23.29,-1.51,-1.00,5.41,7.97,NULL,25000,1000,True,False,2021-02-02
IPFPX,Poplar Forest Partners Fund Institutional Class,44.60,1.00,Large Value,1,250.66M,40.35,2009-12-30,Poplar Forest Capital,2.89,97.11,0.00,0.00,0.00,0.00,6.27,8.45,24.30,2.18,13.40,17.62,0.00,10.05,6.32,4.76,6.66,7,4,-1.27,4.68,23.33,-1.27,-0.76,5.67,8.24,NULL,100000,1000,True,False,2021-02-02
SEMIX,Semper Short Duration Fund Institutional Shares,9.62,0.61,Ultrashort Bond,4,379.28M,131.00,2010-12-22,Semper,1.98,0.00,98.02,0.00,0.00,0.00,0.00,0.00,0.00,0.00,0.00,0.00,0.00,0.00,0.00,0.00,0.00,9,1,-0.95,0.58,1.30,-0.95,1.64,2.07,2.21,NULL,1000000,1000,True,False,2021-02-02
SEMRX,Semper Short Duration Fund Investor Shares,9.62,0.86,Ultrashort Bond,3,379.28M,131.00,2010-12-22,Semper,1.98,0.00,98.02,0.00,0.00,0.00,0.00,0.00,0.00,0.00,0.00,0.00,0.00,0.00,0.00,0.00,0.00,8,2,-1.20,0.46,1.24,-1.20,1.41,1.82,1.95,NULL,2500,1000,True,False,2021-02-02
CIPMX,Champlain Mid Cap Fund Advisor Class,25.53,1.11,Mid-Cap Growth,4,5.7B,36.00,2008-06-29,Champlain Funds,9.00,91.00,0.00,0.00,0.00,0.00,0.00,10.57,13.48,0.00,10.60,25.39,0.00,0.09,0.00,8.60,31.26,12,-1,29.00,5.92,17.92,29.00,19.03,18.94,15.05,NULL,10000,0,True,False,2021-02-02
CIPSX,Champlain Small Company Fund Class Advisor,24.10,1.26,Small Growth,3,3.16B,30.00,2004-11-29,Champlain Funds,5.13,94.87,0.00,0.00,0.00,0.00,4.88,4.75,12.96,0.00,14.23,23.41,0.00,1.33,0.00,16.29,22.15,13,3,24.13,8.98,26.45,24.13,14.53,16.29,13.10,NULL,10000,0,True,False,2021-02-02
HHDTX,Hancock Horizon Diversified International Fund Institutional Class,26.38,1.22,Foreign Large Blend,2,224.63M,15.00,2008-09-29,Hancock Horizon,2.57,97.43,0.00,0.00,0.00,0.00,8.64,13.15,19.94,1.44,4.76,11.03,0.00,2.56,9.69,12.93,15.88,8,4,8.63,9.07,28.38,8.63,3.19,8.20,3.93,NULL,1000,100,True,False,2021-02-02
HHDAX,Hancock Horizon Diversified International Fund Investor Class,26.45,1.47,Foreign Large Blend,2,224.63M,15.00,2008-09-29,Hancock Horizon,2.57,97.43,0.00,0.00,0.00,0.00,8.64,13.15,19.94,1.44,4.76,11.03,0.00,2.56,9.69,12.93,15.88,8,4,8.51,9.08,28.35,8.51,3.07,8.01,3.70,NULL,1000,100,True,False,2021-02-02
HHQTX,Hancock Horizon Quantitative Long/Short Fund Institutional Class,18.15,1.29,Long-Short Equity,3,82.18M,83.00,2008-09-29,Hancock Horizon,38.80,61.20,0.00,0.00,0.00,0.00,3.05,11.79,13.06,0.74,6.16,15.86,0.00,6.65,2.41,16.61,23.67,10,2,-3.74,2.78,4.15,-3.74,0.43,2.45,5.52,NULL,1000,100,True,False,2021-02-02
HHQAX,Hancock Horizon Quantitative Long/Short Fund Investor Class,17.77,1.54,Long-Short Equity,3,82.18M,83.00,2008-09-29,Hancock Horizon,38.80,61.20,0.00,0.00,0.00,0.00,3.05,11.79,13.06,0.74,6.16,15.86,0.00,6.65,2.41,16.61,23.67,10,2,-4.01,2.76,4.05,-4.01,0.23,2.29,5.31,NULL,1000,100,True,False,2021-02-02
RSRFX,Reaves Utilities and Energy Infrastructure Fund Class Institutional,10.66,1.46,Infrastructure,4,52.12M,36.00,2004-12-21,Reaves Select Research,0.38,99.62,0.00,0.00,0.00,0.00,0.00,0.00,0.00,20.22,0.00,0.00,38.13,28.59,0.00,13.07,0.00,13,3,1.81,1.72,6.62,1.81,7.52,10.42,9.36,NULL,1000,0,True,False,2021-02-02
CAMAX,Cambiar Aggressive Value Fund Investor Class,23.07,1.10,World Large Stock,1,46.5M,92.00,2007-08-30,Cambiar Funds,2.98,97.02,0.00,0.00,0.00,0.00,6.63,2.21,10.36,3.73,3.00,10.33,2.62,16.26,0.00,22.51,22.36,10,3,7.94,3.13,21.49,7.94,3.16,3.43,5.90,NULL,2500,100,True,False,2021-02-02
CAMIX,Cambiar International Equity Fund Investor Class,26.67,1.00,Foreign Large Blend,2,1.19B,42.00,2002-09-08,Cambiar Funds,2.17,97.83,0.00,0.00,0.00,0.00,7.12,9.51,17.58,0.00,11.29,12.79,4.36,3.12,0.00,20.52,13.71,12,6,-0.23,3.29,13.21,-0.23,-0.76,3.26,4.65,NULL,2500,100,True,False,2021-02-02
CAMWX,Cambiar Opportunity Fund Class Institutional,25.30,0.65,Large Value,4,285.2M,70.00,2005-11-02,Cambiar Funds,5.83,94.17,0.00,0.00,0.00,0.00,3.25,4.59,20.92,4.06,5.79,13.62,4.96,5.47,0.00,18.13,19.21,11,4,16.90,2.52,16.11,16.90,10.53,12.00,9.91,NULL,5000000,0,True,False,2021-02-02
CAMZX,Cambiar Small Cap Institutional Class,19.61,0.90,Small Blend,2,93.45M,55.00,2008-10-30,Cambiar Funds,0.81,99.19,0.00,0.00,0.00,0.00,1.94,3.90,20.28,6.62,4.40,18.54,4.07,0.86,0.00,25.92,13.48,8,4,9.66,6.53,23.05,9.66,7.54,8.73,7.78,NULL,5000000,0,True,False,2021-02-02
CAMSX,Cambiar Small Cap Fund Class Investor,19.03,1.10,Small Blend,2,93.45M,55.00,2004-08-30,Cambiar Funds,0.81,99.19,0.00,0.00,0.00,0.00,1.94,3.90,20.28,6.62,4.40,18.54,4.07,0.86,0.00,25.92,13.48,10,6,9.51,6.55,23.00,9.51,7.37,8.55,7.56,NULL,2500,100,True,False,2021-02-02
AWGIX,CIBC Atlas All Cap Growth Fund Institutional Class,35.74,1.10,Large Growth,3,234.66M,49.00,2007-09-27,CIBC Private Wealth Management,1.63,98.37,0.00,0.00,0.00,0.00,6.37,15.60,12.67,6.11,0.00,20.02,0.00,5.72,0.00,11.35,22.16,9,4,29.76,3.63,8.76,29.76,21.82,18.90,13.16,NULL,250000,0,True,False,2021-02-02
AWEIX,CIBC Atlas Disciplined Equity Fund Institutional Class,26.73,0.75,Large Blend,5,1.49B,19.00,2005-11-30,CIBC Private Wealth Management,2.61,97.39,0.00,0.00,0.00,0.00,3.04,11.50,12.97,1.05,4.76,17.65,3.63,8.97,1.22,10.57,24.63,14,1,19.28,2.96,11.57,19.28,16.30,15.84,14.47,NULL,250000,0,True,False,2021-02-02
AWYIX,CIBC Atlas Equity Income Fund Institutional Class,48.47,1.10,Large Growth,2,151.98M,10.00,2010-04-29,CIBC Private Wealth Management,1.39,98.61,0.00,0.00,0.00,0.00,0.00,7.95,12.97,13.74,1.55,17.17,9.52,1.93,4.18,7.00,23.99,8,2,12.72,3.46,11.87,12.72,14.35,14.22,11.46,NULL,250000,0,True,False,2021-02-02
EGFIX,Edgewood Growth Fund Class Institutional,53.46,1.00,Large Growth,5,26.92B,24.00,2006-02-27,Edgewood,2.05,97.95,0.00,0.00,0.00,0.00,0.00,11.13,19.00,9.96,4.31,18.21,0.00,14.52,0.00,3.57,19.31,13,1,42.21,4.46,12.39,42.21,24.98,22.21,19.29,NULL,100000,0,True,False,2021-02-02
EGFFX,Edgewood Growth Fund Retail Class,50.66,1.40,Large Growth,5,26.92B,24.00,2006-02-27,Edgewood,2.05,97.95,0.00,0.00,0.00,0.00,0.00,11.13,19.00,9.96,4.31,18.21,0.00,14.52,0.00,3.57,19.31,13,1,41.63,4.41,12.26,41.63,24.49,21.72,18.96,NULL,3000,0,True,False,2021-02-02
HAVGX,Haverford Quality Growth Stock Fund,22.11,0.81,Large Blend,3,273.83M,15.00,2004-06-29,Haverford,3.03,96.97,0.00,0.00,0.00,0.00,7.05,11.62,15.62,0.00,10.40,20.53,0.00,7.54,0.00,6.97,20.26,13,3,15.34,5.07,13.29,15.34,13.13,13.19,11.27,NULL,2500,0,True,False,2021-02-02
LSVVX,LSV Conservative Value Equity Fund,11.50,0.35,Large Value,3,88.87M,25.00,2007-03-29,LSV Fund,1.09,98.91,0.00,0.00,0.00,0.00,3.78,9.79,22.04,2.64,9.78,16.01,2.87,9.66,3.86,9.73,9.83,8,5,-3.47,3.63,16.90,-3.47,2.45,7.78,9.62,NULL,100000,0,True,False,2021-02-02
SCMGX,Sands Capital Global Growth Fund Institutional Shares,41.01,0.97,World Large Stock,5,2.34B,23.00,2010-03-30,Sands Capital,4.21,95.78,0.00,0.00,0.00,0.00,1.46,24.95,8.73,0.00,1.34,17.71,0.00,19.96,0.00,0.86,25.00,8,2,49.56,5.42,13.82,49.56,23.72,21.41,15.15,NULL,1000000,0,True,False,2021-02-02
SCGVX,Sands Capital Global Growth Fund Investor Shares,40.24,1.17,World Large Stock,5,2.34B,23.00,2010-03-30,Sands Capital,4.21,95.78,0.00,0.00,0.00,0.00,1.46,24.95,8.73,0.00,1.34,17.71,0.00,19.96,0.00,0.86,25.00,8,2,49.29,5.41,13.75,49.29,23.49,21.15,14.88,NULL,100000,0,True,False,2021-02-02
WWIAX,Westwood Income Opportunity Fund A Class,13.16,1.10,Allocation--30% to 50% Equity,4,781.39M,111.00,2007-12-30,Westwood,0.71,45.60,38.81,0.00,8.94,5.93,11.84,18.07,15.08,9.04,5.86,10.70,2.15,2.44,4.70,7.12,13.00,10,3,10.54,2.54,7.61,10.54,7.18,7.71,7.27,NULL,1000,0,True,False,2021-02-02
WHGIX,Westwood Income Opportunity Fund Institutional Class,13.18,0.85,Allocation--30% to 50% Equity,5,781.39M,111.00,2005-12-18,Westwood,0.71,45.60,38.81,0.00,8.94,5.93,11.84,18.07,15.08,9.04,5.86,10.70,2.15,2.44,4.70,7.12,13.00,12,3,10.81,2.52,7.66,10.81,7.44,7.98,7.52,NULL,100000,0,True,False,2021-02-02
WWLAX,Westwood LargeCap Value Fund A Class,12.96,0.90,Large Value,4,198.44M,52.00,2007-12-30,Westwood,1.48,98.52,0.00,0.00,0.00,0.00,0.00,3.72,16.63,3.69,10.25,15.44,5.72,11.16,3.07,10.62,19.69,9,4,2.54,3.24,13.29,2.54,6.86,10.23,10.36,NULL,1000,0,True,False,2021-02-02
WHGLX,Westwood LargeCap Value Fund Institutional Class,12.89,0.65,Large Value,4,198.44M,52.00,2006-06-27,Westwood,1.48,98.52,0.00,0.00,0.00,0.00,0.00,3.72,16.63,3.69,10.25,15.44,5.72,11.16,3.07,10.62,19.69,10,4,2.73,3.20,13.27,2.73,7.12,10.51,10.63,NULL,100000,0,True,False,2021-02-02
WHGSX,Westwood SmallCap Fund Institutional Class,18.49,0.99,Small Blend,3,669.35M,67.00,2007-04-01,Westwood,2.18,97.82,0.00,0.00,0.00,0.00,7.11,13.93,24.18,9.48,6.16,8.20,6.03,0.00,1.62,16.90,6.39,9,4,2.16,7.80,25.98,2.16,3.69,9.96,10.80,NULL,100000,0,True,False,2021-02-02
WHGMX,Westwood SMidCap Fund Institutional Class,14.02,0.88,Mid-Cap Blend,2,201.17M,69.00,2005-12-18,Westwood,7.06,92.94,0.00,0.00,0.00,0.00,6.13,12.80,23.91,11.16,5.08,7.16,6.61,2.02,2.81,12.54,9.79,11,4,5.40,6.27,22.59,5.40,6.48,8.35,8.38,NULL,100000,0,True,False,2021-02-02
VAFAX,Invesco American Franchise Fund Class A,29.59,1.00,Large Growth,3,15.44B,52.00,2005-06-22,Invesco,0.15,99.85,0.00,0.00,0.00,0.00,2.55,22.28,11.42,0.61,2.79,11.34,0.00,15.94,0.11,4.18,28.78,11,4,42.18,4.60,13.24,42.18,23.15,19.35,15.03,NULL,1000,50,True,False,2021-02-02
VAFCX,Invesco American Franchise Fund Class C,25.93,1.75,Large Growth,3,15.44B,52.00,2005-06-22,Invesco,0.15,99.85,0.00,0.00,0.00,0.00,2.55,22.28,11.42,0.61,2.79,11.34,0.00,15.94,0.11,4.18,28.78,11,4,41.14,4.54,13.01,41.14,22.22,18.46,14.18,NULL,1000,50,True,False,2021-02-02
VAFNX,Invesco American Franchise Fund R5 Class,30.77,0.70,Large Growth,3,15.44B,52.00,2010-12-21,Invesco,0.15,99.85,0.00,0.00,0.00,0.00,2.55,22.28,11.42,0.61,2.79,11.34,0.00,15.94,0.11,4.18,28.78,8,2,42.58,4.63,13.31,42.58,23.51,19.73,15.41,NULL,1000000,0,True,False,2021-02-02
VAFIX,Invesco American Franchise Fund Class Y,30.65,0.75,Large Growth,3,15.44B,52.00,2005-06-22,Invesco,0.15,99.85,0.00,0.00,0.00,0.00,2.55,22.28,11.42,0.61,2.79,11.34,0.00,15.94,0.11,4.18,28.78,11,4,42.56,4.62,13.29,42.56,23.46,19.66,15.29,NULL,1000,50,True,False,2021-02-02
ACPSX,Invesco Core Plus Bond Fund Class A,11.37,0.76,Intermediate Core-Plus Bond,4,5.77B,329.00,2009-06-02,Invesco,10.48,0.07,86.55,0.00,0.76,0.73,2.24,11.37,12.85,2.64,7.50,14.31,2.96,10.79,2.05,8.61,24.67,9,2,9.56,0.61,2.44,9.56,5.85,5.52,4.75,NULL,1000,50,True,False,2021-02-02
CPCFX,Invesco Core Plus Bond Fund Class C,11.36,1.51,Intermediate Core-Plus Bond,2,5.77B,329.00,2009-06-02,Invesco,10.48,0.07,86.55,0.00,0.76,0.73,2.24,11.37,12.85,2.64,7.50,14.31,2.96,10.79,2.05,8.61,24.67,8,3,8.75,0.55,2.25,8.75,5.10,4.75,3.97,NULL,1000,50,True,False,2021-02-02
CPBRX,Invesco Core Plus Bond Fund Class R,11.37,1.01,Intermediate Core-Plus Bond,3,5.77B,329.00,2009-06-02,Invesco,10.48,0.07,86.55,0.00,0.76,0.73,2.24,11.37,12.85,2.64,7.50,14.31,2.96,10.79,2.05,8.61,24.67,9,2,9.29,0.59,2.38,9.29,5.62,5.27,4.49,NULL,0,0,True,False,2021-02-02
CPIIX,Invesco Core Plus Bond Fund R5 Class,11.37,0.51,Intermediate Core-Plus Bond,4,5.77B,329.00,2009-06-02,Invesco,10.48,0.07,86.55,0.00,0.76,0.73,2.24,11.37,12.85,2.64,7.50,14.31,2.96,10.79,2.05,8.61,24.67,9,2,9.93,0.63,2.51,9.93,6.15,5.81,5.02,NULL,1000000,0,True,False,2021-02-02
CPBYX,Invesco Core Plus Bond Fund Class Y,11.38,0.51,Intermediate Core-Plus Bond,5,5.77B,329.00,2009-06-02,Invesco,10.48,0.07,86.55,0.00,0.76,0.73,2.24,11.37,12.85,2.64,7.50,14.31,2.96,10.79,2.05,8.61,24.67,9,2,9.82,0.63,2.50,9.82,6.11,5.80,5.02,NULL,1000,50,True,False,2021-02-02
VADRX,Invesco Equally-Weighted S&P 500 Fund Class R,67.93,0.78,Large Blend,2,6.52B,26.00,2008-03-30,Invesco,1.38,98.62,0.00,0.00,0.00,0.00,3.91,12.37,14.04,6.06,7.00,12.97,5.65,4.48,4.83,14.47,14.24,9,3,12.05,4.19,18.14,12.05,9.63,12.09,11.76,NULL,0,0,True,False,2021-02-02
ACESX,Invesco Equity and Income Fund Class R,11.20,1.04,Allocation--50% to 70% Equity,3,12.35B,133.00,2002-09-30,Invesco,7.77,61.55,20.06,0.00,0.57,9.94,5.31,7.97,22.38,2.02,7.34,16.37,2.79,4.40,4.65,12.17,14.61,14,4,9.73,3.32,16.38,9.73,5.79,8.45,8.19,NULL,0,0,True,False,2021-02-02
ACEKX,Invesco Equity and Income Fund R5 Class,11.13,0.48,Allocation--50% to 70% Equity,3,12.35B,133.00,2010-05-31,Invesco,7.77,61.55,20.06,0.00,0.57,9.94,5.31,7.97,22.38,2.02,7.34,16.37,2.79,4.40,4.65,12.17,14.61,7,3,10.25,3.30,16.44,10.25,6.37,9.05,8.82,NULL,1000000,0,True,False,2021-02-02
ACETX,Invesco Equity and Income Fund Class Y,11.13,0.54,Allocation--50% to 70% Equity,3,12.35B,133.00,2004-12-21,Invesco,7.77,61.55,20.06,0.00,0.57,9.94,5.31,7.97,22.38,2.02,7.34,16.37,2.79,4.40,4.65,12.17,14.61,12,4,10.16,3.28,16.42,10.16,6.30,8.98,8.73,NULL,1000,50,True,False,2021-02-02
AFRRX,Invesco Floating Rate ESG Fund Class R,7.25,1.33,Bank Loan,3,1.58B,55.00,2006-04-12,Invesco,7.99,1.26,89.94,0.41,0.29,0.11,0.36,22.85,0.00,0.00,0.00,0.00,0.10,22.04,3.75,31.03,19.87,11,3,1.27,1.51,4.13,1.27,2.59,4.41,3.57,NULL,0,0,True,False,2021-02-02
AFRIX,Invesco Floating Rate ESG Fund Class R5,7.24,0.82,Bank Loan,4,1.58B,55.00,2006-04-12,Invesco,7.99,1.26,89.94,0.41,0.29,0.11,0.36,22.85,0.00,0.00,0.00,0.00,0.10,22.04,3.75,31.03,19.87,11,3,1.79,1.56,4.28,1.79,3.08,4.92,4.13,NULL,1000000,0,True,False,2021-02-02
AFRYX,Invesco Floating Rate ESG Fund Class Y,7.23,0.83,Bank Loan,4,1.58B,55.00,2008-10-02,Invesco,7.99,1.26,89.94,0.41,0.29,0.11,0.36,22.85,0.00,0.00,0.00,0.00,0.10,22.04,3.75,31.03,19.87,11,1,1.76,1.42,4.27,1.76,3.05,4.91,4.09,NULL,1000,50,True,False,2021-02-02
ASRIX,Invesco Global Real Estate Income Fund Class R5,8.50,0.92,Global Real Estate,4,679.81M,72.00,2007-03-08,Invesco,0.96,76.10,0.00,1.11,21.83,0.00,0.00,0.62,0.00,94.96,0.00,0.00,2.72,1.70,0.00,0.00,0.00,9,4,-4.79,2.81,8.97,-4.79,2.87,4.58,5.76,NULL,1000000,0,True,False,2021-02-02
ASRCX,Invesco Global Real Estate Income Fund Class C,8.50,1.98,Global Real Estate,3,679.81M,72.00,2007-03-08,Invesco,0.96,76.10,0.00,1.11,21.83,0.00,0.00,0.62,0.00,94.96,0.00,0.00,2.72,1.70,0.00,0.00,0.00,8,5,-5.86,2.78,8.67,-5.86,1.73,3.46,4.62,NULL,1000,50,True,False,2021-02-02
ASRYX,Invesco Global Real Estate Income Fund Class Y,8.48,0.98,Global Real Estate,4,679.81M,72.00,2008-10-02,Invesco,0.96,76.10,0.00,1.11,21.83,0.00,0.00,0.62,0.00,94.96,0.00,0.00,2.72,1.70,0.00,0.00,0.00,9,3,-4.86,2.93,8.83,-4.86,2.78,4.50,5.67,NULL,1000,50,True,False,2021-02-02
ACGLX,Invesco Growth and Income Fund Class R,23.61,1.06,Large Value,2,5.07B,26.00,2002-09-30,Invesco,7.39,92.61,0.00,0.00,0.00,0.00,5.34,7.82,21.95,2.04,7.27,17.03,2.71,4.37,4.74,11.74,14.99,14,4,2.07,4.08,22.17,2.07,3.25,8.43,9.02,NULL,0,0,True,False,2021-02-02
ACGQX,Invesco Growth and Income Fund R5 Class,23.62,0.48,Large Value,2,5.07B,26.00,2010-05-31,Invesco,7.39,92.61,0.00,0.00,0.00,0.00,5.34,7.82,21.95,2.04,7.27,17.03,2.71,4.37,4.74,11.74,14.99,7,3,2.64,4.15,22.36,2.64,3.85,9.06,9.67,NULL,1000000,0,True,False,2021-02-02
ACGMX,Invesco Growth and Income Fund Class Y,23.59,0.56,Large Value,2,5.07B,26.00,2004-10-18,Invesco,7.39,92.61,0.00,0.00,0.00,0.00,5.34,7.82,21.95,2.04,7.27,17.03,2.71,4.37,4.74,11.74,14.99,12,4,2.58,4.17,22.35,2.58,3.78,8.98,9.56,NULL,1000,50,True,False,2021-02-02
SCAUX,Invesco Low Volatility Equity Yield Fund Class A,10.78,1.18,Large Value,1,188.1M,122.00,2006-03-30,Invesco,2.12,97.49,0.39,0.00,0.00,0.00,1.45,12.24,7.48,0.81,23.44,23.60,0.30,10.96,4.76,3.43,11.54,10,4,-3.23,2.97,6.96,-3.23,-0.49,4.58,6.55,NULL,1000,50,True,False,2021-02-02
SCCUX,Invesco Low Volatility Equity Yield Fund Class C,10.60,1.93,Large Value,1,188.1M,122.00,2006-03-30,Invesco,2.12,97.49,0.39,0.00,0.00,0.00,1.45,12.24,7.48,0.81,23.44,23.60,0.30,10.96,4.76,3.43,11.54,10,4,-4.00,2.82,6.66,-4.00,-1.28,3.75,5.74,NULL,1000,50,True,False,2021-02-02
SCRUX,Invesco Low Volatility Equity Yield Fund Class R,10.73,1.43,Large Value,1,188.1M,122.00,2006-03-30,Invesco,2.12,97.49,0.39,0.00,0.00,0.00,1.45,12.24,7.48,0.81,23.44,23.60,0.30,10.96,4.76,3.43,11.54,10,4,-3.52,2.91,6.82,-3.52,-0.75,4.31,6.28,NULL,0,0,True,False,2021-02-02
SCIUX,Invesco Low Volatility Equity Yield Fund R5 Class,10.84,0.74,Large Value,1,188.1M,122.00,2006-03-30,Invesco,2.12,97.49,0.39,0.00,0.00,0.00,1.45,12.24,7.48,0.81,23.44,23.60,0.30,10.96,4.76,3.43,11.54,10,4,-2.82,2.97,7.05,-2.82,-0.06,5.03,6.97,NULL,1000000,0,True,False,2021-02-02
SCAYX,Invesco Low Volatility Equity Yield Fund Class Y,10.83,0.93,Large Value,1,188.1M,122.00,2008-10-02,Invesco,2.12,97.49,0.39,0.00,0.00,0.00,1.45,12.24,7.48,0.81,23.44,23.60,0.30,10.96,4.76,3.43,11.54,9,3,-3.04,2.92,6.89,-3.04,-0.25,4.83,6.82,NULL,1000,50,True,False,2021-02-02
SCNUX,Invesco Low Volatility Equity Yield Fund Investor Class,10.82,1.18,Large Value,1,188.1M,122.00,2008-04-24,Invesco,2.12,97.49,0.39,0.00,0.00,0.00,1.45,12.24,7.48,0.81,23.44,23.60,0.30,10.96,4.76,3.43,11.54,9,3,-3.31,2.96,6.83,-3.31,-0.51,4.57,6.55,NULL,1000,50,True,False,2021-02-02
OOSYX,Invesco Senior Floating Rate Fund Class Y,6.85,0.89,Bank Loan,2,3.6B,53.00,2005-11-27,Invesco,5.02,1.17,92.51,0.61,0.58,0.11,0.00,0.00,0.00,0.00,0.00,0.00,0.00,40.55,46.08,13.36,0.00,11,4,-4.26,1.51,4.57,-4.26,-0.86,2.78,3.06,NULL,1000,50,True,False,2021-02-02
ORSTX,Invesco Short Term Municipal Fund Class A,3.8000,0.82,Muni National Short,4,2.66B,89.00,2010-12-05,Invesco,7.46,0.00,92.54,0.00,0.00,0.00,0.00,0.00,0.00,0.00,0.00,0.00,0.00,0.00,0.00,0.00,0.00,10,-1,2.74,0.32,0.50,2.74,2.28,1.96,2.27,NULL,1000,50,True,False,2021-02-02
ORSCX,Invesco Short Term Municipal Fund Class C,3.8000,1.57,Muni National Short,3,2.66B,89.00,2010-12-05,Invesco,7.46,0.00,92.54,0.00,0.00,0.00,0.00,0.00,0.00,0.00,0.00,0.00,0.00,0.00,0.00,0.00,0.00,8,2,2.00,0.28,0.33,2.00,1.52,1.20,1.50,NULL,1000,50,True,False,2021-02-02
ORSYX,Invesco Short Term Municipal Fund Class Y,3.8000,0.57,Muni National Short,4,2.66B,89.00,2010-12-05,Invesco,7.46,0.00,92.54,0.00,0.00,0.00,0.00,0.00,0.00,0.00,0.00,0.00,0.00,0.00,0.00,0.00,0.00,10,-1,2.98,0.34,0.55,2.98,2.53,2.21,2.52,NULL,1000,50,True,False,2021-02-02
CHRRX,Invesco Charter Fund Class R,17.97,1.32,Large Blend,1,3.31B,45.00,2002-06-02,Invesco,0.56,99.44,0.00,0.00,0.00,0.00,0.59,12.98,15.12,2.79,8.75,16.60,1.22,8.78,2.33,9.01,21.82,14,4,13.21,3.09,10.14,13.21,9.51,10.30,8.96,NULL,0,0,True,False,2021-02-02
CHRSX,Invesco Charter Fund Class S,18.14,0.97,Large Blend,2,3.31B,45.00,2009-09-24,Invesco,0.56,99.44,0.00,0.00,0.00,0.00,0.59,12.98,15.12,2.79,8.75,16.60,1.22,8.78,2.33,9.01,21.82,9,2,13.61,3.12,10.28,13.61,9.89,10.69,9.34,NULL,0,0,True,False,2021-02-02
CHTYX,Invesco Charter Fund Class Y,18.21,0.82,Large Blend,2,3.31B,45.00,2008-10-02,Invesco,0.56,99.44,0.00,0.00,0.00,0.00,0.59,12.98,15.12,2.79,8.75,16.60,1.22,8.78,2.33,9.01,21.82,10,2,13.78,3.13,10.26,13.78,10.04,10.84,9.50,NULL,1000,50,True,False,2021-02-02
DDFRX,Invesco Diversified Dividend Fund Class R,20.01,1.07,Large Value,3,16.07B,8.00,2005-10-24,Invesco,7.20,92.81,0.00,0.00,0.00,0.00,2.30,5.31,11.89,1.59,29.20,8.01,17.34,4.18,4.02,15.25,0.91,11,4,-0.14,3.04,13.51,-0.14,4.64,7.12,9.12,NULL,0,0,True,False,2021-02-02
DDFIX,Invesco Diversified Dividend Fund R5 Class,19.94,0.51,Large Value,4,16.07B,8.00,2005-10-24,Invesco,7.20,92.81,0.00,0.00,0.00,0.00,2.30,5.31,11.89,1.59,29.20,8.01,17.34,4.18,4.02,15.25,0.91,13,2,0.44,3.09,13.73,0.44,5.23,7.72,9.73,NULL,1000000,0,True,False,2021-02-02
LCEYX,Invesco Diversified Dividend Fund Class Y,19.96,0.57,Large Value,3,16.07B,8.00,2008-10-02,Invesco,7.20,92.81,0.00,0.00,0.00,0.00,2.30,5.31,11.89,1.59,29.20,8.01,17.34,4.18,4.02,15.25,0.91,10,2,0.39,3.07,13.70,0.39,5.19,7.65,9.66,NULL,1000,50,True,False,2021-02-02
LCEIX,Invesco Diversified Dividend Fund Investor Class,19.93,0.75,Large Value,3,16.07B,8.00,2005-07-14,Invesco,7.20,92.81,0.00,0.00,0.00,0.00,2.30,5.31,11.89,1.59,29.20,8.01,17.34,4.18,4.02,15.25,0.91,12,3,0.20,3.09,13.67,0.20,5.00,7.45,9.45,NULL,1000,50,True,False,2021-02-02
ASMMX,Invesco Summit Fund Class A,30.00,1.01,Large Growth,4,3.57B,38.00,2005-10-30,Invesco,0.05,99.95,0.00,0.00,0.00,0.00,1.74,21.66,11.26,1.30,2.62,11.06,0.00,19.14,0.54,3.93,26.76,12,3,41.95,4.84,14.43,41.95,24.00,20.38,16.06,NULL,1000,50,True,False,2021-02-02
CSMMX,Invesco Summit Fund Class C,25.77,1.76,Large Growth,3,3.57B,38.00,2005-10-30,Invesco,0.05,99.95,0.00,0.00,0.00,0.00,1.74,21.66,11.26,1.30,2.62,11.06,0.00,19.14,0.54,3.93,26.76,12,3,40.87,4.74,14.24,40.87,23.07,19.47,15.19,NULL,1000,50,True,False,2021-02-02
SMITX,Invesco Summit Fund R5 Class,30.82,0.77,Large Growth,4,3.57B,38.00,2008-10-02,Invesco,0.05,99.95,0.00,0.00,0.00,0.00,1.74,21.66,11.26,1.30,2.62,11.06,0.00,19.14,0.54,3.93,26.76,10,2,42.26,4.85,14.52,42.26,24.32,20.70,16.42,NULL,1000000,0,True,False,2021-02-02
SMMSX,Invesco Summit Fund Class S,30.34,0.91,Large Growth,4,3.57B,38.00,2009-09-24,Invesco,0.05,99.95,0.00,0.00,0.00,0.00,1.74,21.66,11.26,1.30,2.62,11.06,0.00,19.14,0.54,3.93,26.76,9,2,42.00,4.82,14.44,42.00,24.12,20.48,16.17,NULL,0,0,True,False,2021-02-02
ASMYX,Invesco Summit Fund Class Y,30.66,0.76,Large Growth,4,3.57B,38.00,2008-10-02,Invesco,0.05,99.95,0.00,0.00,0.00,0.00,1.74,21.66,11.26,1.30,2.62,11.06,0.00,19.14,0.54,3.93,26.76,10,2,42.25,4.84,14.48,42.25,24.29,20.67,16.35,NULL,1000,50,True,False,2021-02-02
ESMYX,Invesco European Small Company Fund Class Y,15.51,1.18,Europe Stock,4,238.5M,-1,2008-10-02,Invesco,6.88,90.91,0.00,2.21,0.00,0.00,0.05,12.32,13.19,2.90,5.25,3.14,0.11,0.00,5.28,35.59,22.16,9,3,9.85,6.06,15.17,9.85,2.57,8.59,8.66,NULL,1000,50,True,False,2021-02-02
AWSIX,Invesco Global Core Equity Fund R5 Class,15.12,0.95,World Large Stock,2,735.02M,24.00,2005-10-24,Invesco,0.88,99.12,0.00,0.00,0.00,0.00,4.70,7.36,17.53,0.00,10.23,9.30,3.72,12.56,1.96,18.33,14.31,11,4,12.89,5.20,12.89,12.89,6.35,9.66,6.91,NULL,1000000,0,True,False,2021-02-02
AWSYX,Invesco Global Core Equity Fund Class Y,14.85,0.97,World Large Stock,2,735.02M,24.00,2008-10-02,Invesco,0.88,99.12,0.00,0.00,0.00,0.00,4.70,7.36,17.53,0.00,10.23,9.30,3.72,12.56,1.96,18.33,14.31,9,3,12.96,5.23,12.96,12.96,6.35,9.65,6.83,NULL,1000,50,True,False,2021-02-02
IEGIX,Invesco International Small Company Fund R5 Class,19.10,1.20,Foreign Small/Mid Blend,3,251.08M,-1,2005-10-24,Invesco,6.58,91.89,0.00,1.53,0.00,0.00,0.03,10.00,17.58,4.70,4.46,8.54,0.08,1.60,9.05,34.04,9.92,10,5,10.64,8.84,17.27,10.64,2.37,9.43,5.44,NULL,1000000,0,True,False,2021-02-02
IEGYX,Invesco International Small Company Fund Class Y,19.29,1.32,Foreign Small/Mid Blend,3,251.08M,-1,2008-10-02,Invesco,6.58,91.89,0.00,1.53,0.00,0.00,0.03,10.00,17.58,4.70,4.46,8.54,0.08,1.60,9.05,34.04,9.92,8,4,10.47,8.76,17.24,10.47,2.25,9.30,5.32,NULL,1000,50,True,False,2021-02-02
SMERX,Invesco Small Cap Equity Fund Class R,14.66,1.56,Small Blend,4,991.06M,35.00,2002-06-02,Invesco,4.12,95.88,0.00,0.00,0.00,0.00,5.29,14.98,16.41,6.32,1.72,13.36,1.20,1.54,1.28,19.54,18.36,14,4,27.09,7.63,28.89,27.09,10.59,11.30,9.65,NULL,0,0,True,False,2021-02-02
SMEIX,Invesco Small Cap Equity Fund R5 Class,18.62,0.85,Small Blend,4,991.06M,35.00,2005-04-28,Invesco,4.12,95.88,0.00,0.00,0.00,0.00,5.29,14.98,16.41,6.32,1.72,13.36,1.20,1.54,1.28,19.54,18.36,12,3,27.95,7.73,29.13,27.95,11.36,12.05,10.40,NULL,1000000,0,True,False,2021-02-02
SMEYX,Invesco Small Cap Equity Fund Class Y,17.03,1.06,Small Blend,4,991.06M,35.00,2008-10-02,Invesco,4.12,95.88,0.00,0.00,0.00,0.00,5.29,14.98,16.41,6.32,1.72,13.36,1.20,1.54,1.28,19.54,18.36,9,3,27.70,7.67,29.08,27.70,11.14,11.86,10.20,NULL,1000,50,True,False,2021-02-02
OAAAX,Invesco Active Allocation Fund Class A,15.12,1.09,Allocation--70% to 85% Equity,3,2.41B,-1,2005-04-04,Invesco,10.98,69.15,15.54,2.94,0.50,0.09,4.12,11.23,12.91,5.03,7.54,12.69,2.95,8.12,1.97,15.49,17.96,11,4,13.04,4.82,15.40,13.04,7.98,9.42,7.76,NULL,1000,50,True,False,2021-02-02
OAACX,Invesco Active Allocation Fund Class C,14.74,1.84,Allocation--70% to 85% Equity,2,2.41B,-1,2005-04-04,Invesco,10.98,69.15,15.54,2.94,0.50,0.09,4.12,11.23,12.91,5.03,7.54,12.69,2.95,8.12,1.97,15.49,17.96,11,4,12.18,4.80,15.23,12.18,7.18,8.59,6.95,NULL,1000,50,True,False,2021-02-02
OAANX,Invesco Active Allocation Fund Class R,15.02,1.34,Allocation--70% to 85% Equity,2,2.41B,-1,2005-04-04,Invesco,10.98,69.15,15.54,2.94,0.50,0.09,4.12,11.23,12.91,5.03,7.54,12.69,2.95,8.12,1.97,15.49,17.96,11,4,12.70,4.73,15.31,12.70,7.70,9.13,7.49,NULL,0,0,True,False,2021-02-02
